id,corp_ticker,ratio,rank,emsec_id
0,000020,81.33,1,126
1,000020,18.67,2,80
2,000040,100.0,1,82
3,000050,52.27,1,26
4,000050,47.73,2,107
5,000070,53.06,1,25
6,000070,46.94,2,75
7,000080,100.0,1,77
8,000100,100.0,1,126
9,000120,60.23,1,53
10,000120,39.77,2,55
11,000140,100.0,1,7
12,000150,53.95,1,59
13,000150,46.05,2,47
14,000180,100.0,1,37
15,000210,50.12,1,45
16,000210,49.88,2,25
17,000220,72.52,1,126
18,000220,27.48,2,129
19,000230,100.0,1,126
20,000240,100.0,1,122
21,000250,100.0,1,126
22,000270,100.0,1,82
23,000300,100.0,1,84
24,000320,100.0,1,30
25,000370,100.0,1,3
26,000390,100.0,1,30
27,000400,100.0,1,3
28,000430,100.0,1,84
29,000440,100.0,1,13
30,000480,70.13,1,40
31,000480,29.87,2,62
32,000490,100.0,1,58
33,000500,100.0,1,19
34,000520,100.0,1,126
35,000540,100.0,1,3
36,000590,100.0,1,62
37,000640,54.26,1,126
38,000640,45.74,2,53
39,000650,100.0,1,54
40,000660,100.0,1,109
41,000670,65.41,1,121
42,000670,34.59,2,34
43,000680,100.0,1,2
44,000700,74.28,1,55
45,000700,25.72,2,113
46,000720,76.31,1,45
47,000720,23.69,2,48
48,000760,75.08,1,30
49,000760,24.92,2,8
50,000810,100.0,1,3
51,000850,100.0,1,60
52,000860,62.13,1,30
53,000860,37.87,2,26
54,000880,46.18,1,30
55,000880,28.81,2,5
56,000880,25.0,3,3
57,000890,100.0,1,77
58,000910,48.81,1,50
59,000910,33.03,2,121
60,000910,18.16,3,40
61,000950,100.0,1,90
62,000970,54.67,1,35
63,000970,23.55,2,23
64,000970,21.77,3,92
65,000990,100.0,1,109
66,001000,53.27,1,8
67,001000,46.73,2,118
68,001020,100.0,1,38
69,001040,57.27,1,53
70,001040,42.73,2,75
71,001060,100.0,1,126
72,001070,100.0,1,90
73,001080,100.0,1,35
74,001120,100.0,1,72
75,001130,50.36,1,74
76,001130,49.64,2,75
77,001140,100.0,1,53
78,001200,100.0,1,2
79,001210,100.0,1,120
80,001230,100.0,1,33
81,001250,100.0,1,72
82,001260,63.7,1,46
83,001260,36.3,2,45
84,001270,100.0,1,2
85,001290,100.0,1,2
86,001340,100.0,1,25
87,001360,100.0,1,126
88,001380,100.0,1,84
89,001390,54.19,1,82
90,001390,45.81,2,33
91,001420,63.28,1,84
92,001420,36.72,2,75
93,001430,100.0,1,5
94,001440,74.2,1,64
95,001440,25.8,2,19
96,001450,100.0,1,3
97,001460,72.05,1,90
98,001460,27.95,2,8
99,001470,69.63,1,46
100,001470,30.37,2,7
101,001500,100.0,1,2
102,001510,100.0,1,2
103,001520,75.62,1,50
104,001520,24.38,2,46
105,001530,59.25,1,27
106,001530,40.75,2,34
107,001540,100.0,1,126
108,001550,100.0,1,28
109,001560,100.0,1,62
110,001570,100.0,1,30
111,001620,100.0,1,84
112,001630,55.68,1,129
113,001630,44.32,2,126
114,001680,75.46,1,75
115,001680,24.54,2,30
116,001720,100.0,1,2
117,001740,72.3,1,124
118,001740,27.7,2,72
119,001750,100.0,1,2
120,001770,100.0,1,35
121,001780,100.0,1,35
122,001790,53.21,1,75
123,001790,46.79,2,74
124,001800,53.56,1,76
125,001800,46.44,2,75
126,001810,100.0,1,38
127,001820,100.0,1,121
128,001840,100.0,1,45
129,001940,100.0,1,33
130,002020,40.45,1,30
131,002020,30.8,2,107
132,002020,28.74,3,45
133,002030,51.04,1,38
134,002030,48.96,2,50
135,002070,100.0,1,90
136,002100,100.0,1,28
137,002140,100.0,1,74
138,002150,73.34,1,49
139,002150,26.66,2,46
140,002170,100.0,1,90
141,002200,100.0,1,41
142,002210,100.0,1,126
143,002220,51.27,1,33
144,002220,48.73,2,73
145,002230,70.89,1,64
146,002230,29.11,2,21
147,002240,100.0,1,35
148,002290,100.0,1,45
149,002310,100.0,1,38
150,002320,100.0,1,53
151,002350,100.0,1,83
152,002360,100.0,1,26
153,002380,100.0,1,30
154,002390,100.0,1,126
155,002410,100.0,1,46
156,002420,100.0,1,13
157,002450,61.24,1,89
158,002450,38.76,2,19
159,002460,68.29,1,45
160,002460,31.71,2,8
161,002600,100.0,1,75
162,002620,100.0,1,126
163,002630,100.0,1,127
164,002680,100.0,1,75
165,002690,70.99,1,35
166,002690,29.01,2,34
167,002700,100.0,1,86
168,002710,50.05,1,8
169,002710,49.95,2,33
170,002720,100.0,1,126
171,002760,100.0,1,30
172,002780,84.41,1,45
173,002780,15.59,2,46
174,002790,100.0,1,92
175,002800,100.0,1,126
176,002810,54.5,1,84
177,002810,45.5,2,30
178,002820,56.44,1,87
179,002820,23.93,2,37
180,002820,19.63,3,79
181,002840,100.0,1,30
182,002870,100.0,1,38
183,002880,100.0,1,84
184,002900,100.0,1,58
185,002920,100.0,1,84
186,002960,100.0,1,25
187,002990,64.0,1,45
188,002990,36.0,2,46
189,003000,100.0,1,126
190,003010,66.22,1,59
191,003010,33.78,2,63
192,003030,100.0,1,35
193,003060,100.0,1,126
194,003070,100.0,1,45
195,003080,100.0,1,28
196,003090,100.0,1,126
197,003100,100.0,1,56
198,003120,100.0,1,126
199,003160,100.0,1,110
200,003200,100.0,1,27
201,003220,100.0,1,126
202,003230,100.0,1,75
203,003240,100.0,1,25
204,003280,100.0,1,56
205,003300,100.0,1,50
206,003310,100.0,1,74
207,003350,100.0,1,92
208,003380,46.15,1,74
209,003380,36.08,2,56
210,003380,17.77,3,75
211,003460,100.0,1,2
212,003470,100.0,1,2
213,003480,65.58,1,22
214,003480,34.42,2,19
215,003490,100.0,1,54
216,003520,100.0,1,126
217,003530,100.0,1,2
218,003540,100.0,1,2
219,003550,100.0,1,113
220,003560,57.16,1,95
221,003560,42.84,2,93
222,003570,100.0,1,84
223,003580,74.44,1,106
224,003580,25.56,2,76
225,003610,100.0,1,26
226,003620,100.0,1,82
227,003650,76.0,1,25
228,003650,24.0,2,30
229,003670,63.24,1,122
230,003670,36.76,2,30
231,003680,69.53,1,75
232,003680,30.47,2,74
233,003690,100.0,1,3
234,003720,50.4,1,62
235,003720,49.6,2,30
236,003780,100.0,1,26
237,003800,100.0,1,87
238,003830,100.0,1,27
239,003850,100.0,1,126
240,003920,100.0,1,75
241,003960,100.0,1,75
242,004000,100.0,1,30
243,004020,100.0,1,33
244,004060,100.0,1,90
245,004080,100.0,1,130
246,004090,82.69,1,25
247,004090,17.31,2,13
248,004100,100.0,1,84
249,004140,62.65,1,56
250,004140,37.35,2,53
251,004150,100.0,1,38
252,004170,53.53,1,107
253,004170,46.47,2,105
254,004250,76.13,1,39
255,004250,23.87,2,103
256,004270,100.0,1,120
257,004310,100.0,1,126
258,004360,100.0,1,56
259,004370,100.0,1,75
260,004380,100.0,1,62
261,004410,100.0,1,75
262,004430,100.0,1,30
263,004440,51.81,1,33
264,004440,48.19,2,50
265,004450,79.3,1,41
266,004450,20.7,2,39
267,004490,100.0,1,122
268,004540,53.59,1,38
269,004540,46.41,2,79
270,004560,100.0,1,33
271,004590,100.0,1,87
272,004650,61.19,1,77
273,004650,38.81,2,42
274,004690,100.0,1,22
275,004700,100.0,1,90
276,004710,63.94,1,121
277,004710,36.06,2,118
278,004720,100.0,1,126
279,004770,100.0,1,121
280,004780,100.0,1,41
281,004800,33.68,1,72
282,004800,23.02,2,26
283,004800,22.6,3,64
284,004800,20.7,4,25
285,004830,100.0,1,26
286,004840,100.0,1,39
287,004870,100.0,1,50
288,004890,67.69,1,33
289,004890,32.31,2,34
290,004910,100.0,1,30
291,004920,100.0,1,113
292,004960,79.02,1,45
293,004960,20.98,2,46
294,004970,100.0,1,74
295,004980,100.0,1,50
296,004990,46.33,1,25
297,004990,29.77,2,105
298,004990,23.9,3,30
299,005010,100.0,1,33
300,005030,100.0,1,84
301,005070,100.0,1,122
302,005090,62.21,1,20
303,005090,20.65,2,40
304,005090,17.14,3,19
305,005110,75.39,1,96
306,005110,24.61,2,8
307,005160,83.8,1,33
308,005160,16.2,2,17
309,005180,100.0,1,75
310,005250,100.0,1,126
311,005290,100.0,1,30
312,005300,100.0,1,77
313,005320,100.0,1,90
314,005360,78.8,1,42
315,005360,21.2,2,121
316,005380,100.0,1,82
317,005390,100.0,1,90
318,005420,66.08,1,122
319,005420,33.92,2,30
320,005430,100.0,1,55
321,005440,100.0,1,87
322,005490,59.18,1,33
323,005490,40.82,2,72
324,005500,100.0,1,126
325,005610,55.34,1,81
326,005610,24.8,2,76
327,005610,19.87,3,75
328,005670,78.11,1,75
329,005670,21.89,2,129
330,005680,100.0,1,121
331,005690,100.0,1,30
332,005710,100.0,1,84
333,005720,100.0,1,83
334,005740,100.0,1,76
335,005750,100.0,1,88
336,005800,100.0,1,90
337,005810,71.99,1,34
338,005810,28.01,2,44
339,005820,57.02,1,41
340,005820,42.98,2,130
341,005830,100.0,1,3
342,005850,100.0,1,84
343,005860,100.0,1,74
344,005870,100.0,1,44
345,005880,100.0,1,56
346,005930,61.16,1,86
347,005930,38.84,2,109
348,005940,100.0,1,2
349,005950,100.0,1,25
350,005960,100.0,1,45
351,005990,54.98,1,75
352,005990,45.02,2,42
353,006040,76.45,1,75
354,006040,23.55,2,41
355,006050,100.0,1,50
356,006060,100.0,1,91
357,006090,82.4,1,75
358,006090,17.6,2,74
359,006110,84.27,1,35
360,006110,15.73,2,121
361,006120,100.0,1,22
362,006140,100.0,1,130
363,006200,100.0,1,109
364,006220,100.0,1,1
365,006260,43.51,1,36
366,006260,24.29,2,121
367,006260,16.35,3,19
368,006260,15.85,4,8
369,006280,100.0,1,126
370,006340,55.21,1,65
371,006340,44.79,2,19
372,006360,100.0,1,45
373,006370,100.0,1,105
374,006380,100.0,1,25
375,006390,100.0,1,50
376,006400,100.0,1,122
377,006490,100.0,1,124
378,006570,64.97,1,50
379,006570,35.03,2,88
380,006620,100.0,1,126
381,006650,100.0,1,25
382,006660,100.0,1,84
383,006730,79.3,1,99
384,006730,20.7,2,106
385,006740,100.0,1,38
386,006800,100.0,1,2
387,006840,44.02,1,54
388,006840,33.72,2,25
389,006840,22.26,3,105
390,006880,100.0,1,75
391,006890,100.0,1,29
392,006910,84.77,1,19
393,006910,15.23,2,64
394,006920,100.0,1,50
395,006980,100.0,1,74
396,007070,100.0,1,105
397,007110,53.83,1,50
398,007110,46.17,2,47
399,007120,100.0,1,6
400,007160,52.77,1,75
401,007160,47.23,2,74
402,007210,80.39,1,50
403,007210,19.61,2,88
404,007280,100.0,1,33
405,007310,100.0,1,75
406,007330,100.0,1,1
407,007340,56.72,1,60
408,007340,43.28,2,84
409,007370,100.0,1,126
410,007390,40.24,1,92
411,007390,31.01,2,77
412,007390,28.76,3,127
413,007460,30.95,1,33
414,007460,28.68,2,127
415,007460,23.0,3,30
416,007460,17.36,4,126
417,007530,100.0,1,84
418,007540,100.0,1,75
419,007570,100.0,1,126
420,007590,100.0,1,28
421,007610,100.0,1,64
422,007660,100.0,1,121
423,007680,100.0,1,45
424,007690,100.0,1,30
425,007700,100.0,1,90
426,007720,100.0,1,107
427,007770,100.0,1,30
428,007810,100.0,1,121
429,007820,100.0,1,62
430,007860,100.0,1,84
431,007980,100.0,1,90
432,008040,65.52,1,75
433,008040,34.48,2,74
434,008060,100.0,1,121
435,008110,100.0,1,121
436,008250,100.0,1,37
437,008260,72.47,1,50
438,008260,27.53,2,46
439,008290,100.0,1,90
440,008350,53.0,1,84
441,008350,47.0,2,35
442,008370,100.0,1,26
443,008420,100.0,1,33
444,008470,100.0,1,62
445,008490,82.16,1,129
446,008490,17.84,2,30
447,008500,100.0,1,84
448,008600,70.54,1,90
449,008600,29.46,2,102
450,008700,100.0,1,120
451,008730,68.56,1,41
452,008730,31.44,2,121
453,008770,82.14,1,107
454,008770,17.86,2,99
455,008830,100.0,1,84
456,008870,100.0,1,41
457,008930,50.29,1,126
458,008930,49.71,2,80
459,008970,80.23,1,35
460,008970,19.77,2,34
461,009070,100.0,1,53
462,009140,100.0,1,121
463,009150,80.23,1,121
464,009150,19.77,2,110
465,009160,43.93,1,72
466,009160,31.78,2,62
467,009160,24.29,3,34
468,009180,100.0,1,53
469,009190,100.0,1,33
470,009200,100.0,1,38
471,009240,100.0,1,87
472,009270,100.0,1,90
473,009290,75.95,1,77
474,009290,24.05,2,126
475,009300,100.0,1,126
476,009310,100.0,1,112
477,009320,100.0,1,84
478,009410,74.38,1,45
479,009410,25.62,2,46
480,009420,100.0,1,126
481,009440,100.0,1,24
482,009450,100.0,1,22
483,009460,100.0,1,38
484,009470,100.0,1,121
485,009520,58.1,1,41
486,009520,41.9,2,33
487,009540,100.0,1,51
488,009580,100.0,1,38
489,009620,62.99,1,34
490,009620,37.01,2,84
491,009680,100.0,1,84
492,009730,73.57,1,35
493,009730,26.43,2,50
494,009770,100.0,1,38
495,009780,100.0,1,75
496,009810,73.97,1,115
497,009810,26.03,2,69
498,009830,42.74,1,25
499,009830,36.02,2,17
500,009830,21.23,3,21
501,009900,100.0,1,84
502,009970,81.26,1,90
503,009970,18.74,2,105
504,010040,50.29,1,47
505,010040,49.71,2,40
506,010060,65.8,1,30
507,010060,17.87,2,17
508,010060,16.33,3,21
509,010100,100.0,1,84
510,010120,76.72,1,64
511,010120,23.28,2,19
512,010130,100.0,1,34
513,010140,100.0,1,51
514,010170,55.63,1,123
515,010170,44.37,2,19
516,010240,100.0,1,59
517,010280,100.0,1,113
518,010400,100.0,1,62
519,010420,77.94,1,38
520,010420,22.06,2,113
521,010470,62.71,1,93
522,010470,37.29,2,94
523,010580,65.06,1,84
524,010580,34.94,2,122
525,010600,100.0,1,56
526,010620,100.0,1,51
527,010640,100.0,1,39
528,010660,100.0,1,60
529,010690,100.0,1,84
530,010770,100.0,1,7
531,010780,61.16,1,24
532,010780,20.22,2,50
533,010780,18.62,3,45
534,010820,100.0,1,44
535,010950,100.0,1,13
536,010960,100.0,1,46
537,011000,76.92,1,127
538,011000,23.08,2,130
539,011040,100.0,1,126
540,011070,100.0,1,121
541,011080,100.0,1,90
542,011090,100.0,1,87
543,011150,100.0,1,75
544,011170,65.96,1,25
545,011170,34.04,2,30
546,011200,100.0,1,56
547,011210,100.0,1,84
548,011230,100.0,1,121
549,011280,100.0,1,41
550,011300,100.0,1,26
551,011320,100.0,1,84
552,011330,100.0,1,90
553,011370,100.0,1,45
554,011390,100.0,1,50
555,011420,100.0,1,101
556,011500,100.0,1,30
557,011560,100.0,1,48
558,011690,100.0,1,121
559,011700,100.0,1,61
560,011760,39.16,1,25
561,011760,36.09,2,33
562,011760,24.75,3,82
563,011780,76.4,1,26
564,011780,23.6,2,25
565,011790,69.39,1,25
566,011790,30.61,2,122
567,011810,100.0,1,35
568,011930,100.0,1,47
569,012030,75.39,1,109
570,012030,24.61,2,113
571,012160,100.0,1,33
572,012170,100.0,1,96
573,012200,70.98,1,84
574,012200,29.02,2,61
575,012280,100.0,1,84
576,012320,48.18,1,32
577,012320,33.9,2,48
578,012320,17.92,3,46
579,012330,100.0,1,84
580,012340,100.0,1,121
581,012450,81.37,1,44
582,012450,18.63,2,43
583,012510,100.0,1,113
584,012600,75.61,1,6
585,012600,24.39,2,123
586,012610,100.0,1,30
587,012620,100.0,1,33
588,012630,100.0,1,45
589,012690,100.0,1,38
590,012700,100.0,1,13
591,012750,54.46,1,68
592,012750,45.54,2,67
593,012790,100.0,1,126
594,012800,100.0,1,34
595,012860,100.0,1,84
596,013000,100.0,1,26
597,013030,100.0,1,62
598,013120,100.0,1,45
599,013310,100.0,1,84
600,013360,65.72,1,45
601,013360,34.28,2,46
602,013520,72.42,1,84
603,013520,27.58,2,72
604,013570,68.3,1,84
605,013570,31.7,2,62
606,013580,52.96,1,45
607,013580,26.41,2,8
608,013580,20.63,3,46
609,013700,100.0,1,45
610,013720,100.0,1,84
611,013810,64.13,1,59
612,013810,35.87,2,62
613,013870,100.0,1,84
614,013890,100.0,1,87
615,013990,100.0,1,90
616,014100,59.1,1,90
617,014100,40.9,2,92
618,014130,100.0,1,53
619,014160,100.0,1,41
620,014190,46.16,1,26
621,014190,35.81,2,25
622,014190,18.03,3,50
623,014200,100.0,1,62
624,014280,63.63,1,74
625,014280,36.37,2,47
626,014440,63.76,1,39
627,014440,36.24,2,26
628,014470,50.45,1,86
629,014470,27.32,2,105
630,014470,22.23,3,113
631,014530,73.33,1,13
632,014530,26.67,2,30
633,014570,100.0,1,126
634,014580,73.37,1,30
635,014580,26.63,2,29
636,014620,100.0,1,62
637,014680,52.04,1,30
638,014680,32.93,2,122
639,014680,15.03,3,38
640,014710,84.16,1,75
641,014710,15.84,2,74
642,014790,76.94,1,45
643,014790,23.06,2,46
644,014820,100.0,1,41
645,014830,100.0,1,25
646,014910,52.39,1,121
647,014910,47.61,2,62
648,014940,100.0,1,52
649,014970,100.0,1,41
650,014990,100.0,1,90
651,015020,58.63,1,8
652,015020,21.52,2,102
653,015020,19.85,3,99
654,015230,100.0,1,84
655,015260,83.19,1,121
656,015260,16.81,2,84
657,015360,100.0,1,22
658,015590,100.0,1,62
659,015710,75.83,1,120
660,015710,24.17,2,123
661,015750,100.0,1,84
662,015760,100.0,1,19
663,015860,82.5,1,65
664,015860,17.5,2,64
665,015890,62.35,1,30
666,015890,37.65,2,34
667,016090,100.0,1,90
668,016100,78.14,1,41
669,016100,21.86,2,92
670,016250,100.0,1,48
671,016360,100.0,1,2
672,016380,100.0,1,33
673,016450,63.43,1,90
674,016450,36.57,2,7
675,016580,100.0,1,126
676,016590,59.79,1,41
677,016590,40.21,2,38
678,016600,100.0,1,4
679,016610,100.0,1,2
680,016670,100.0,1,113
681,016710,100.0,1,22
682,016740,100.0,1,84
683,016790,100.0,1,74
684,016800,100.0,1,87
685,016880,77.08,1,94
686,016880,22.92,2,107
687,016920,100.0,1,120
688,017000,100.0,1,45
689,017040,100.0,1,64
690,017180,100.0,1,126
691,017250,100.0,1,120
692,017370,61.54,1,62
693,017370,38.46,2,84
694,017390,100.0,1,22
695,017480,100.0,1,35
696,017510,100.0,1,65
697,017550,78.6,1,62
698,017550,21.4,2,59
699,017650,100.0,1,38
700,017670,100.0,1,124
701,017800,100.0,1,62
702,017810,77.22,1,75
703,017810,22.78,2,81
704,017860,67.34,1,17
705,017860,32.66,2,122
706,017890,100.0,1,25
707,017900,100.0,1,121
708,017940,100.0,1,22
709,017960,100.0,1,30
710,018000,100.0,1,21
711,018120,100.0,1,77
712,018250,61.49,1,79
713,018250,38.51,2,92
714,018260,53.71,1,53
715,018260,46.29,2,113
716,018290,100.0,1,92
717,018310,100.0,1,50
718,018470,100.0,1,34
719,018500,100.0,1,84
720,018620,100.0,1,128
721,018670,100.0,1,22
722,018680,100.0,1,126
723,018700,65.11,1,92
724,018700,34.89,2,96
725,018880,100.0,1,84
726,019010,45.2,1,99
727,019010,31.71,2,105
728,019010,23.09,3,101
729,019170,100.0,1,126
730,019180,100.0,1,84
731,019210,100.0,1,60
732,019440,100.0,1,35
733,019490,100.0,1,67
734,019540,100.0,1,84
735,019550,100.0,1,4
736,019570,100.0,1,4
737,019590,100.0,1,4
738,019660,100.0,1,92
739,019680,100.0,1,102
740,019770,80.0,1,84
741,019770,20.0,2,62
742,019990,100.0,1,62
743,020000,100.0,1,90
744,020120,100.0,1,94
745,020150,75.71,1,122
746,020150,24.29,2,45
747,020180,100.0,1,113
748,020400,81.92,1,84
749,020400,18.08,2,58
750,020560,100.0,1,97
751,020710,100.0,1,71
752,020760,74.59,1,111
753,020760,25.41,2,112
754,021040,100.0,1,33
755,021050,100.0,1,34
756,021080,100.0,1,4
757,021240,100.0,1,103
758,021320,82.97,1,45
759,021320,17.03,2,46
760,021650,100.0,1,84
761,021820,100.0,1,84
762,021880,100.0,1,7
763,022100,100.0,1,113
764,022220,100.0,1,50
765,023000,54.98,1,35
766,023000,45.02,2,84
767,023150,100.0,1,75
768,023160,100.0,1,48
769,023350,67.49,1,49
770,023350,32.51,2,46
771,023410,100.0,1,50
772,023440,100.0,1,33
773,023450,100.0,1,30
774,023460,100.0,1,85
775,023530,100.0,1,105
776,023590,100.0,1,113
777,023600,66.32,1,41
778,023600,33.68,2,38
779,023760,100.0,1,4
780,023770,100.0,1,116
781,023790,100.0,1,33
782,023800,100.0,1,84
783,023810,100.0,1,84
784,023900,38.72,1,75
785,023900,30.79,2,29
786,023900,30.49,3,22
787,023910,100.0,1,126
788,023960,100.0,1,48
789,024060,100.0,1,13
790,024070,100.0,1,26
791,024090,100.0,1,35
792,024110,100.0,1,1
793,024120,100.0,1,84
794,024720,66.48,1,92
795,024720,33.52,2,126
796,024740,73.86,1,84
797,024740,26.14,2,44
798,024800,56.54,1,81
799,024800,43.46,2,53
800,024810,58.47,1,64
801,024810,41.53,2,120
802,024830,100.0,1,84
803,024840,100.0,1,34
804,024850,100.0,1,110
805,024880,52.21,1,84
806,024880,47.79,2,52
807,024890,100.0,1,26
808,024900,100.0,1,84
809,024910,100.0,1,84
810,024940,100.0,1,88
811,024950,50.14,1,98
812,024950,49.86,2,89
813,025000,100.0,1,25
814,025320,100.0,1,121
815,025440,100.0,1,84
816,025530,100.0,1,84
817,025540,100.0,1,84
818,025550,53.41,1,61
819,025550,46.59,2,35
820,025560,83.16,1,110
821,025560,16.84,2,120
822,025620,100.0,1,92
823,025750,100.0,1,37
824,025770,100.0,1,6
825,025820,100.0,1,34
826,025860,65.37,1,28
827,025860,34.63,2,13
828,025870,62.28,1,81
829,025870,37.72,2,75
830,025880,81.09,1,74
831,025880,18.91,2,75
832,025890,100.0,1,35
833,025900,74.73,1,25
834,025900,25.27,2,37
835,025950,67.57,1,46
836,025950,32.43,2,45
837,025980,100.0,1,99
838,026040,100.0,1,90
839,026150,100.0,1,46
840,026890,100.0,1,4
841,026910,78.46,1,33
842,026910,21.54,2,82
843,026940,100.0,1,33
844,026960,52.56,1,75
845,026960,26.65,2,41
846,026960,20.79,3,72
847,027040,100.0,1,121
848,027050,100.0,1,92
849,027360,100.0,1,4
850,027410,100.0,1,30
851,027580,100.0,1,62
852,027710,63.31,1,74
853,027710,36.69,2,75
854,027740,100.0,1,74
855,027830,100.0,1,4
856,027970,100.0,1,38
857,028050,100.0,1,48
858,028080,63.79,1,113
859,028080,36.21,2,84
860,028100,100.0,1,46
861,028260,58.94,1,45
862,028260,41.06,2,72
863,028300,70.34,1,30
864,028300,29.66,2,127
865,028670,100.0,1,56
866,029460,50.34,1,46
867,029460,49.66,2,120
868,029480,48.2,1,123
869,029480,29.6,2,113
870,029480,22.2,3,68
871,029530,53.09,1,117
872,029530,46.91,2,120
873,029780,100.0,1,7
874,029960,100.0,1,24
875,030000,100.0,1,93
876,030190,80.77,1,6
877,030190,19.23,2,71
878,030200,100.0,1,124
879,030210,100.0,1,2
880,030350,79.69,1,116
881,030350,20.31,2,84
882,030520,62.28,1,115
883,030520,37.72,2,44
884,030530,60.4,1,109
885,030530,39.6,2,30
886,030610,100.0,1,2
887,030720,100.0,1,74
888,030960,100.0,1,66
889,031210,100.0,1,3
890,031310,100.0,1,124
891,031330,100.0,1,121
892,031430,100.0,1,90
893,031440,72.43,1,75
894,031440,27.57,2,76
895,031510,100.0,1,84
896,031820,100.0,1,113
897,031860,100.0,1,117
898,031980,100.0,1,110
899,032080,100.0,1,90
900,032190,75.59,1,113
901,032190,24.41,2,114
902,032280,72.24,1,53
903,032280,27.76,2,56
904,032300,100.0,1,126
905,032350,62.85,1,100
906,032350,18.81,2,98
907,032350,18.34,3,99
908,032500,82.49,1,123
909,032500,17.51,2,120
910,032540,40.63,1,120
911,032540,31.75,2,101
912,032540,27.63,3,96
913,032560,71.74,1,33
914,032560,28.26,2,46
915,032580,100.0,1,109
916,032620,100.0,1,132
917,032640,100.0,1,124
918,032680,100.0,1,113
919,032750,79.58,1,120
920,032750,20.42,2,123
921,032790,63.36,1,125
922,032790,18.35,2,120
923,032790,18.28,3,121
924,032800,100.0,1,96
925,032820,100.0,1,62
926,032830,100.0,1,3
927,032850,100.0,1,113
928,032860,51.09,1,92
929,032860,48.91,2,35
930,032940,59.03,1,92
931,032940,24.3,2,130
932,032940,16.67,3,121
933,032960,100.0,1,121
934,032980,50.26,1,62
935,032980,31.46,2,13
936,032980,18.28,3,84
937,033050,47.7,1,79
938,033050,28.58,2,66
939,033050,23.72,3,84
940,033100,100.0,1,64
941,033130,100.0,1,94
942,033160,100.0,1,110
943,033170,100.0,1,110
944,033180,40.45,1,99
945,033180,39.9,2,121
946,033180,19.65,3,120
947,033200,100.0,1,62
948,033230,67.21,1,123
949,033230,32.79,2,113
950,033240,100.0,1,121
951,033250,100.0,1,84
952,033270,100.0,1,126
953,033290,100.0,1,53
954,033310,59.18,1,84
955,033310,40.82,2,35
956,033320,62.66,1,120
957,033320,37.34,2,114
958,033340,100.0,1,90
959,033500,100.0,1,62
960,033530,100.0,1,84
961,033540,70.19,1,47
962,033540,29.81,2,62
963,033560,100.0,1,120
964,033640,100.0,1,109
965,033780,75.3,1,78
966,033780,24.7,2,129
967,033790,63.4,1,17
968,033790,36.6,2,123
969,033830,100.0,1,95
970,033920,100.0,1,77
971,034020,53.97,1,62
972,034020,46.03,2,63
973,034120,65.1,1,95
974,034120,34.9,2,93
975,034220,100.0,1,111
976,034230,100.0,1,100
977,034310,71.04,1,6
978,034310,28.96,2,121
979,034590,100.0,1,22
980,034730,100.0,1,113
981,034810,62.72,1,38
982,034810,37.28,2,110
983,034830,100.0,1,8
984,034940,100.0,1,126
985,034950,74.73,1,7
986,034950,25.27,2,6
987,035000,100.0,1,93
988,035080,78.76,1,106
989,035080,21.24,2,131
990,035150,100.0,1,26
991,035200,100.0,1,39
992,035250,100.0,1,100
993,035290,100.0,1,102
994,035420,66.27,1,114
995,035420,33.73,2,106
996,035460,45.6,1,44
997,035460,34.67,2,123
998,035460,19.74,3,43
999,035510,100.0,1,113
1000,035600,75.15,1,106
1001,035600,24.85,2,99
1002,035610,83.32,1,130
1003,035610,16.68,2,4
1004,035620,78.02,1,96
1005,035620,21.98,2,104
1006,035720,50.45,1,116
1007,035720,49.55,2,114
1008,035760,46.01,1,96
1009,035760,27.74,2,106
1010,035760,26.25,3,95
1011,035810,75.14,1,74
1012,035810,24.86,2,75
1013,035890,100.0,1,45
1014,035900,100.0,1,96
1015,036000,72.45,1,94
1016,036000,27.55,2,47
1017,036010,100.0,1,121
1018,036030,100.0,1,106
1019,036090,73.3,1,112
1020,036090,26.7,2,110
1021,036120,100.0,1,6
1022,036170,100.0,1,121
1023,036180,100.0,1,127
1024,036190,100.0,1,48
1025,036200,100.0,1,110
1026,036220,100.0,1,130
1027,036420,67.52,1,96
1028,036420,32.48,2,101
1029,036460,100.0,1,22
1030,036480,100.0,1,128
1031,036530,81.27,1,84
1032,036530,18.73,2,48
1033,036540,100.0,1,109
1034,036560,100.0,1,62
1035,036570,100.0,1,116
1036,036580,72.82,1,74
1037,036580,27.18,2,75
1038,036620,100.0,1,90
1039,036630,74.48,1,124
1040,036630,25.52,2,19
1041,036640,81.77,1,30
1042,036640,18.23,2,39
1043,036670,74.67,1,92
1044,036670,25.33,2,30
1045,036690,56.91,1,86
1046,036690,43.09,2,123
1047,036710,100.0,1,121
1048,036800,100.0,1,6
1049,036810,100.0,1,110
1050,036830,69.57,1,110
1051,036830,30.43,2,122
1052,036890,100.0,1,59
1053,036930,100.0,1,110
1054,037030,100.0,1,121
1055,037070,100.0,1,86
1056,037230,63.69,1,38
1057,037230,36.31,2,41
1058,037270,100.0,1,96
1059,037330,68.0,1,111
1060,037330,32.0,2,84
1061,037350,51.2,1,47
1062,037350,48.8,2,45
1063,037370,70.75,1,30
1064,037370,29.25,2,24
1065,037400,100.0,1,111
1066,037440,100.0,1,49
1067,037460,100.0,1,121
1068,037560,49.16,1,124
1069,037560,26.97,2,95
1070,037560,23.87,3,93
1071,037710,100.0,1,105
1072,037760,50.82,1,50
1073,037760,49.18,2,33
1074,037950,100.0,1,121
1075,038010,53.21,1,50
1076,038010,46.79,2,52
1077,038060,80.55,1,111
1078,038060,19.45,2,84
1079,038070,77.37,1,127
1080,038070,22.63,2,130
1081,038110,100.0,1,84
1082,038290,100.0,1,127
1083,038390,100.0,1,103
1084,038460,76.25,1,64
1085,038460,23.75,2,121
1086,038500,100.0,1,50
1087,038530,73.63,1,120
1088,038530,26.37,2,131
1089,038540,58.83,1,1
1090,038540,41.17,2,2
1091,038620,57.26,1,99
1092,038620,42.74,2,102
1093,038680,100.0,1,113
1094,038870,100.0,1,21
1095,038880,41.2,1,109
1096,038880,38.09,2,84
1097,038880,20.71,3,71
1098,038950,100.0,1,120
1099,039010,59.17,1,68
1100,039010,22.33,2,86
1101,039010,18.51,3,113
1102,039020,71.97,1,37
1103,039020,28.03,2,50
1104,039030,100.0,1,110
1105,039130,100.0,1,98
1106,039200,100.0,1,127
1107,039240,100.0,1,33
1108,039290,100.0,1,124
1109,039310,74.68,1,69
1110,039310,25.32,2,98
1111,039340,52.04,1,94
1112,039340,47.96,2,95
1113,039420,58.45,1,124
1114,039420,41.55,2,113
1115,039440,100.0,1,110
1116,039490,100.0,1,2
1117,039560,61.43,1,123
1118,039560,38.57,2,84
1119,039570,41.03,1,8
1120,039570,24.73,2,49
1121,039570,19.05,3,68
1122,039570,15.18,4,47
1123,039610,100.0,1,62
1124,039740,100.0,1,72
1125,039830,100.0,1,89
1126,039840,100.0,1,130
1127,039860,100.0,1,130
1128,039980,54.27,1,90
1129,039980,45.73,2,125
1130,040160,100.0,1,123
1131,040300,80.69,1,95
1132,040300,19.31,2,8
1133,040350,100.0,1,6
1134,040420,100.0,1,102
1135,040610,53.37,1,84
1136,040610,46.63,2,53
1137,040910,100.0,1,112
1138,041020,32.91,1,84
1139,041020,31.44,2,26
1140,041020,17.82,3,113
1141,041020,17.82,3,126
1142,041190,100.0,1,4
1143,041440,52.02,1,62
1144,041440,47.98,2,59
1145,041460,83.07,1,125
1146,041460,16.93,2,113
1147,041510,100.0,1,96
1148,041520,56.96,1,62
1149,041520,43.04,2,110
1150,041590,100.0,1,87
1151,041650,100.0,1,84
1152,041830,100.0,1,130
1153,041910,100.0,1,126
1154,041920,100.0,1,130
1155,041930,52.34,1,86
1156,041930,47.66,2,84
1157,041960,100.0,1,128
1158,042000,100.0,1,114
1159,042040,100.0,1,30
1160,042110,100.0,1,121
1161,042370,57.71,1,122
1162,042370,42.29,2,19
1163,042420,100.0,1,116
1164,042500,100.0,1,123
1165,042510,72.11,1,125
1166,042510,27.89,2,114
1167,042520,100.0,1,130
1168,042600,70.38,1,121
1169,042600,29.62,2,17
1170,042660,100.0,1,51
1171,042670,100.0,1,59
1172,042700,100.0,1,110
1173,042940,100.0,1,45
1174,043090,100.0,1,123
1175,043100,100.0,1,130
1176,043150,100.0,1,130
1177,043200,100.0,1,17
1178,043220,73.8,1,47
1179,043220,26.2,2,19
1180,043260,72.78,1,63
1181,043260,27.22,2,121
1182,043340,100.0,1,35
1183,043360,47.22,1,66
1184,043360,26.67,2,62
1185,043360,26.1,3,120
1186,043370,100.0,1,84
1187,043590,66.45,1,84
1188,043590,33.55,2,109
1189,043610,75.96,1,96
1190,043610,24.04,2,94
1191,043650,100.0,1,77
1192,043710,100.0,1,132
1193,043910,100.0,1,47
1194,044060,100.0,1,62
1195,044180,100.0,1,45
1196,044340,100.0,1,64
1197,044380,100.0,1,117
1198,044450,100.0,1,56
1199,044480,74.42,1,96
1200,044480,25.58,2,92
1201,044490,100.0,1,35
1202,044780,100.0,1,62
1203,044820,100.0,1,129
1204,044960,100.0,1,128
1205,044990,100.0,1,121
1206,045060,100.0,1,30
1207,045100,100.0,1,49
1208,045300,100.0,1,110
1209,045340,100.0,1,57
1210,045390,100.0,1,62
1211,045510,59.28,1,120
1212,045510,23.14,2,72
1213,045510,17.58,3,113
1214,045520,57.07,1,86
1215,045520,42.93,2,84
1216,045660,100.0,1,6
1217,045970,100.0,1,121
1218,046070,100.0,1,84
1219,046120,42.86,1,43
1220,046120,39.81,2,24
1221,046120,17.33,3,47
1222,046210,62.75,1,130
1223,046210,37.25,2,127
1224,046310,76.11,1,123
1225,046310,23.89,2,120
1226,046390,100.0,1,96
1227,046440,100.0,1,6
1228,046890,100.0,1,121
1229,046940,100.0,1,46
1230,046970,79.97,1,120
1231,046970,20.03,2,123
1232,047040,70.85,1,45
1233,047040,29.15,2,46
1234,047050,100.0,1,72
1235,047080,70.65,1,116
1236,047080,29.35,2,107
1237,047310,100.0,1,121
1238,047400,64.52,1,121
1239,047400,35.48,2,62
1240,047560,67.74,1,115
1241,047560,32.26,2,116
1242,047770,100.0,1,90
1243,047810,100.0,1,43
1244,047820,36.2,1,95
1245,047820,35.93,2,99
1246,047820,27.87,3,96
1247,047920,100.0,1,126
1248,048410,100.0,1,127
1249,048430,100.0,1,84
1250,048470,100.0,1,35
1251,048530,100.0,1,127
1252,048550,77.01,1,93
1253,048550,22.99,2,96
1254,048770,100.0,1,62
1255,048830,100.0,1,26
1256,048870,55.42,1,131
1257,048870,26.04,2,127
1258,048870,18.54,3,129
1259,048910,100.0,1,96
1260,049070,100.0,1,120
1261,049080,74.78,1,123
1262,049080,25.22,2,110
1263,049120,80.41,1,112
1264,049120,19.59,2,121
1265,049180,100.0,1,130
1266,049430,100.0,1,62
1267,049470,100.0,1,113
1268,049480,100.0,1,113
1269,049520,100.0,1,121
1270,049550,72.37,1,66
1271,049550,27.63,2,30
1272,049630,100.0,1,121
1273,049720,100.0,1,7
1274,049770,100.0,1,75
1275,049800,100.0,1,61
1276,049830,100.0,1,39
1277,049950,100.0,1,112
1278,049960,100.0,1,129
1279,050090,100.0,1,93
1280,050110,100.0,1,121
1281,050120,100.0,1,89
1282,050760,100.0,1,26
1283,050860,100.0,1,58
1284,050890,100.0,1,123
1285,050960,100.0,1,125
1286,051160,52.52,1,106
1287,051160,47.48,2,113
1288,051360,100.0,1,111
1289,051370,100.0,1,121
1290,051380,100.0,1,107
1291,051390,100.0,1,103
1292,051490,55.96,1,60
1293,051490,44.04,2,121
1294,051500,100.0,1,81
1295,051600,100.0,1,19
1296,051630,65.22,1,26
1297,051630,34.78,2,39
1298,051780,52.05,1,11
1299,051780,47.95,2,77
1300,051900,41.85,1,92
1301,051900,31.37,2,79
1302,051900,26.78,3,77
1303,051910,57.9,1,122
1304,051910,42.1,2,25
1305,051980,60.42,1,123
1306,051980,39.58,2,50
1307,052020,61.76,1,107
1308,052020,38.24,2,92
1309,052220,81.26,1,95
1310,052220,18.74,2,93
1311,052260,76.07,1,92
1312,052260,23.93,2,129
1313,052300,72.65,1,40
1314,052300,27.35,2,8
1315,052330,100.0,1,111
1316,052400,100.0,1,6
1317,052420,100.0,1,112
1318,052460,100.0,1,123
1319,052600,56.02,1,6
1320,052600,43.98,2,69
1321,052670,100.0,1,128
1322,052690,100.0,1,48
1323,052710,46.61,1,123
1324,052710,34.57,2,62
1325,052710,18.82,3,121
1326,052770,100.0,1,116
1327,052790,100.0,1,116
1328,052860,100.0,1,109
1329,052900,72.38,1,110
1330,052900,27.62,2,109
1331,053030,64.9,1,126
1332,053030,35.1,2,127
1333,053050,100.0,1,22
1334,053060,100.0,1,84
1335,053080,100.0,1,47
1336,053160,100.0,1,121
1337,053210,100.0,1,95
1338,053260,100.0,1,33
1339,053270,100.0,1,84
1340,053280,100.0,1,106
1341,053290,100.0,1,94
1342,053300,70.71,1,125
1343,053300,29.29,2,93
1344,053350,66.16,1,113
1345,053350,33.84,2,6
1346,053450,100.0,1,121
1347,053580,100.0,1,6
1348,053610,100.0,1,110
1349,053620,82.61,1,15
1350,053620,17.39,2,30
1351,053690,100.0,1,49
1352,053700,100.0,1,84
1353,053800,73.14,1,113
1354,053800,26.86,2,67
1355,053950,100.0,1,126
1356,053980,100.0,1,113
1357,054040,100.0,1,121
1358,054050,81.69,1,74
1359,054050,18.31,2,28
1360,054090,58.5,1,121
1361,054090,41.5,2,62
1362,054180,79.22,1,52
1363,054180,20.78,2,19
1364,054210,56.93,1,121
1365,054210,23.14,2,122
1366,054210,19.93,3,78
1367,054220,41.69,1,19
1368,054220,34.0,2,23
1369,054220,24.3,3,48
1370,054300,42.09,1,56
1371,054300,36.74,2,62
1372,054300,21.17,3,51
1373,054410,100.0,1,35
1374,054450,100.0,1,109
1375,054540,100.0,1,35
1376,054620,56.76,1,115
1377,054620,43.24,2,121
1378,054630,100.0,1,109
1379,054670,100.0,1,126
1380,054780,100.0,1,96
1381,054800,100.0,1,69
1382,054920,100.0,1,115
1383,054930,100.0,1,49
1384,054940,59.16,1,47
1385,054940,40.84,2,120
1386,054950,100.0,1,130
1387,055490,67.86,1,121
1388,055490,32.14,2,41
1389,055550,100.0,1,1
1390,056080,100.0,1,119
1391,056090,71.44,1,130
1392,056090,28.56,2,19
1393,056190,51.93,1,62
1394,056190,30.46,2,109
1395,056190,17.61,3,110
1396,056360,100.0,1,123
1397,056700,100.0,1,112
1398,056730,82.72,1,48
1399,056730,17.28,2,62
1400,057030,100.0,1,102
1401,057050,38.68,1,106
1402,057050,35.53,2,90
1403,057050,25.79,3,50
1404,057540,69.11,1,120
1405,057540,30.89,2,121
1406,057680,100.0,1,106
1407,057880,100.0,1,132
1408,058110,100.0,1,130
1409,058400,100.0,1,95
1410,058430,100.0,1,35
1411,058450,78.99,1,96
1412,058450,21.01,2,99
1413,058470,69.53,1,121
1414,058470,30.47,2,110
1415,058610,100.0,1,62
1416,058630,100.0,1,116
1417,058650,100.0,1,5
1418,058730,35.45,1,50
1419,058730,26.59,2,33
1420,058730,22.7,3,46
1421,058730,15.26,4,17
1422,058820,100.0,1,126
1423,058850,59.87,1,69
1424,058850,40.13,2,124
1425,058860,72.85,1,69
1426,058860,27.15,2,124
1427,058970,73.7,1,113
1428,058970,26.3,2,115
1429,059090,100.0,1,109
1430,059100,100.0,1,112
1431,059120,100.0,1,119
1432,059210,51.21,1,130
1433,059210,48.79,2,127
1434,059270,100.0,1,62
1435,060150,100.0,1,24
1436,060230,55.43,1,112
1437,060230,26.24,2,122
1438,060230,18.33,3,121
1439,060240,75.88,1,51
1440,060240,24.12,2,116
1441,060250,100.0,1,6
1442,060260,70.81,1,23
1443,060260,29.19,2,28
1444,060280,100.0,1,130
1445,060310,63.98,1,62
1446,060310,36.02,2,121
1447,060370,84.41,1,56
1448,060370,15.59,2,46
1449,060380,48.73,1,33
1450,060380,35.14,2,35
1451,060380,16.13,3,24
1452,060480,100.0,1,34
1453,060540,44.48,1,121
1454,060540,34.89,2,41
1455,060540,20.63,3,75
1456,060560,55.68,1,13
1457,060560,44.32,2,50
1458,060570,100.0,1,96
1459,060590,50.18,1,128
1460,060590,49.82,2,126
1461,060720,100.0,1,121
1462,060850,71.6,1,115
1463,060850,28.4,2,113
1464,060900,100.0,1,21
1465,060980,100.0,1,84
1466,061040,61.81,1,123
1467,061040,21.33,2,127
1468,061040,16.86,3,112
1469,061250,100.0,1,126
1470,061970,100.0,1,110
1471,062040,100.0,1,64
1472,062970,100.0,1,123
1473,063080,100.0,1,116
1474,063160,80.18,1,126
1475,063160,19.82,2,127
1476,063170,54.55,1,107
1477,063170,45.45,2,104
1478,063440,100.0,1,66
1479,063570,82.77,1,69
1480,063570,17.23,2,67
1481,063760,100.0,1,112
1482,064090,100.0,1,107
1483,064240,70.54,1,121
1484,064240,29.46,2,92
1485,064260,100.0,1,106
1486,064290,50.61,1,122
1487,064290,49.39,2,110
1488,064350,61.26,1,44
1489,064350,38.74,2,62
1490,064400,100.0,1,113
1491,064480,69.66,1,125
1492,064480,30.34,2,113
1493,064520,100.0,1,110
1494,064550,100.0,1,129
1495,064760,100.0,1,110
1496,064800,80.58,1,107
1497,064800,19.42,2,114
1498,064820,100.0,1,52
1499,064850,100.0,1,6
1500,064960,100.0,1,84
1501,065060,80.48,1,90
1502,065060,19.52,2,84
1503,065130,61.49,1,120
1504,065130,38.51,2,112
1505,065150,100.0,1,75
1506,065170,100.0,1,129
1507,065350,43.23,1,86
1508,065350,34.67,2,53
1509,065350,22.1,3,122
1510,065370,100.0,1,113
1511,065420,100.0,1,17
1512,065440,100.0,1,125
1513,065450,100.0,1,44
1514,065500,100.0,1,84
1515,065510,100.0,1,130
1516,065530,70.48,1,124
1517,065530,29.52,2,123
1518,065570,37.78,1,44
1519,065570,34.74,2,123
1520,065570,27.48,3,56
1521,065650,100.0,1,107
1522,065660,100.0,1,127
1523,065680,60.39,1,121
1524,065680,39.61,2,84
1525,065690,100.0,1,121
1526,065710,100.0,1,62
1527,065770,100.0,1,123
1528,065950,44.09,1,47
1529,065950,36.77,2,62
1530,065950,19.13,3,26
1531,066130,100.0,1,86
1532,066310,42.07,1,109
1533,066310,30.9,2,121
1534,066310,27.03,3,110
1535,066360,100.0,1,74
1536,066410,65.1,1,114
1537,066410,34.9,2,120
1538,066430,60.62,1,107
1539,066430,39.38,2,26
1540,066570,69.55,1,86
1541,066570,30.45,2,121
1542,066590,100.0,1,84
1543,066620,100.0,1,45
1544,066670,70.86,1,8
1545,066670,29.14,2,111
1546,066700,100.0,1,126
1547,066790,100.0,1,95
1548,066900,70.91,1,121
1549,066900,29.09,2,54
1550,066910,100.0,1,89
1551,066970,100.0,1,122
1552,066980,56.66,1,47
1553,066980,43.34,2,24
1554,067000,100.0,1,116
1555,067010,100.0,1,125
1556,067080,100.0,1,126
1557,067160,80.22,1,114
1558,067160,19.78,2,95
1559,067170,51.84,1,62
1560,067170,48.16,2,86
1561,067280,100.0,1,102
1562,067290,100.0,1,126
1563,067310,80.04,1,109
1564,067310,19.96,2,110
1565,067370,100.0,1,127
1566,067390,100.0,1,43
1567,067570,63.76,1,84
1568,067570,36.24,2,21
1569,067630,71.05,1,126
1570,067630,28.95,2,130
1571,067730,100.0,1,113
1572,067770,100.0,1,112
1573,067830,100.0,1,105
1574,067900,67.54,1,56
1575,067900,32.46,2,24
1576,067920,81.21,1,67
1577,067920,18.79,2,113
1578,067990,100.0,1,82
1579,068050,100.0,1,95
1580,068100,43.44,1,62
1581,068100,28.51,2,120
1582,068100,28.05,3,113
1583,068240,100.0,1,62
1584,068270,100.0,1,127
1585,068290,100.0,1,94
1586,068330,100.0,1,130
1587,068760,100.0,1,126
1588,068790,100.0,1,112
1589,068930,100.0,1,102
1590,068940,100.0,1,6
1591,069080,100.0,1,116
1592,069140,57.87,1,48
1593,069140,42.13,2,47
1594,069260,65.69,1,30
1595,069260,34.31,2,25
1596,069330,100.0,1,112
1597,069410,100.0,1,125
1598,069460,100.0,1,34
1599,069510,77.11,1,84
1600,069510,22.89,2,121
1601,069540,100.0,1,123
1602,069620,100.0,1,126
1603,069640,100.0,1,90
1604,069730,100.0,1,35
1605,069920,100.0,1,106
1606,069960,56.27,1,105
1607,069960,22.46,2,107
1608,069960,21.27,3,87
1609,070300,100.0,1,121
1610,070590,100.0,1,113
1611,070960,55.47,1,99
1612,070960,44.53,2,98
1613,071050,100.0,1,7
1614,071090,100.0,1,35
1615,071200,100.0,1,115
1616,071280,45.3,1,110
1617,071280,38.32,2,112
1618,071280,16.38,3,120
1619,071320,100.0,1,19
1620,071460,100.0,1,86
1621,071670,60.65,1,60
1622,071670,39.35,2,62
1623,071840,100.0,1,105
1624,071850,100.0,1,84
1625,071950,100.0,1,87
1626,071970,100.0,1,52
1627,072020,100.0,1,128
1628,072130,75.76,1,125
1629,072130,24.24,2,102
1630,072470,100.0,1,84
1631,072520,66.67,1,127
1632,072520,33.33,2,81
1633,072710,100.0,1,75
1634,072770,100.0,1,113
1635,072870,29.3,1,102
1636,072870,28.26,2,101
1637,072870,22.37,3,99
1638,072870,20.06,4,94
1639,072950,57.6,1,30
1640,072950,22.63,2,123
1641,072950,19.77,3,44
1642,072990,100.0,1,71
1643,073010,100.0,1,84
1644,073110,73.14,1,111
1645,073110,26.86,2,112
1646,073190,100.0,1,87
1647,073240,100.0,1,83
1648,073490,55.59,1,123
1649,073490,44.41,2,84
1650,073540,100.0,1,123
1651,073560,76.06,1,74
1652,073560,23.94,2,75
1653,073570,100.0,1,121
1654,073640,100.0,1,62
1655,074430,68.36,1,30
1656,074430,31.64,2,126
1657,074600,100.0,1,110
1658,074610,57.6,1,62
1659,074610,42.4,2,122
1660,075130,100.0,1,114
1661,075180,100.0,1,84
1662,075580,100.0,1,52
1663,075970,100.0,1,40
1664,076080,57.46,1,45
1665,076080,22.78,2,47
1666,076080,19.76,3,48
1667,076610,100.0,1,121
1668,077360,58.44,1,110
1669,077360,41.56,2,121
1670,077500,100.0,1,109
1671,077970,58.58,1,44
1672,077970,41.42,2,56
1673,078000,100.0,1,125
1674,078020,100.0,1,2
1675,078070,100.0,1,123
1676,078130,100.0,1,38
1677,078140,100.0,1,92
1678,078150,100.0,1,112
1679,078160,67.31,1,132
1680,078160,32.69,2,127
1681,078340,83.36,1,116
1682,078340,16.64,2,96
1683,078350,100.0,1,109
1684,078520,100.0,1,92
1685,078590,100.0,1,84
1686,078600,77.61,1,121
1687,078600,22.39,2,122
1688,078860,100.0,1,96
1689,078890,57.24,1,95
1690,078890,42.76,2,123
1691,078930,100.0,1,13
1692,079000,100.0,1,39
1693,079160,100.0,1,96
1694,079170,100.0,1,30
1695,079190,100.0,1,123
1696,079370,76.03,1,110
1697,079370,23.97,2,119
1698,079430,63.8,1,87
1699,079430,36.2,2,73
1700,079550,100.0,1,44
1701,079650,100.0,1,50
1702,079810,100.0,1,122
1703,079900,100.0,1,59
1704,079940,52.61,1,113
1705,079940,32.28,2,114
1706,079940,15.11,3,67
1707,079950,100.0,1,112
1708,079960,100.0,1,63
1709,079970,100.0,1,115
1710,079980,100.0,1,27
1711,080010,77.59,1,71
1712,080010,22.41,2,33
1713,080160,100.0,1,98
1714,080220,100.0,1,109
1715,080420,66.05,1,105
1716,080420,33.95,2,121
1717,080470,100.0,1,84
1718,080520,71.12,1,109
1719,080520,28.88,2,121
1720,080530,73.66,1,92
1721,080530,26.34,2,41
1722,080580,100.0,1,110
1723,080720,100.0,1,126
1724,081000,100.0,1,62
1725,081150,100.0,1,33
1726,081580,42.94,1,118
1727,081580,31.26,2,122
1728,081580,25.8,3,120
1729,081660,77.66,1,89
1730,081660,22.34,2,90
1731,082210,100.0,1,121
1732,082270,100.0,1,24
1733,082640,100.0,1,3
1734,082660,100.0,1,92
1735,082740,100.0,1,52
1736,082800,100.0,1,126
1737,082850,100.0,1,111
1738,082920,100.0,1,122
1739,083310,100.0,1,110
1740,083420,100.0,1,25
1741,083450,82.89,1,110
1742,083450,17.11,2,120
1743,083470,100.0,1,112
1744,083500,100.0,1,112
1745,083550,76.63,1,30
1746,083550,23.37,2,112
1747,083640,100.0,1,120
1748,083650,100.0,1,63
1749,083660,100.0,1,92
1750,083790,71.88,1,127
1751,083790,28.12,2,62
1752,083930,100.0,1,122
1753,084010,100.0,1,33
1754,084110,100.0,1,126
1755,084180,32.56,1,62
1756,084180,27.62,2,94
1757,084180,21.08,3,109
1758,084180,18.74,4,53
1759,084370,100.0,1,110
1760,084440,100.0,1,102
1761,084650,100.0,1,127
1762,084670,100.0,1,54
1763,084680,66.44,1,90
1764,084680,33.56,2,101
1765,084690,75.46,1,75
1766,084690,24.54,2,30
1767,084730,66.95,1,86
1768,084730,33.05,2,120
1769,084850,100.0,1,122
1770,084870,100.0,1,90
1771,084990,100.0,1,127
1772,085310,70.47,1,62
1773,085310,29.53,2,29
1774,085620,100.0,1,3
1775,085660,72.02,1,132
1776,085660,27.98,2,127
1777,085670,100.0,1,121
1778,085810,66.66,1,113
1779,085810,33.34,2,125
1780,085910,100.0,1,62
1781,086040,100.0,1,132
1782,086060,55.44,1,28
1783,086060,44.56,2,128
1784,086280,47.07,1,107
1785,086280,34.9,2,53
1786,086280,18.03,3,56
1787,086390,74.57,1,110
1788,086390,25.43,2,109
1789,086450,100.0,1,126
1790,086520,100.0,1,122
1791,086670,100.0,1,62
1792,086710,100.0,1,30
1793,086790,100.0,1,1
1794,086820,100.0,1,127
1795,086890,100.0,1,126
1796,086900,100.0,1,127
1797,086960,82.74,1,115
1798,086960,17.26,2,113
1799,086980,100.0,1,96
1800,087010,69.95,1,127
1801,087010,30.05,2,126
1802,087260,100.0,1,120
1803,087600,100.0,1,109
1804,088130,100.0,1,112
1805,088260,100.0,1,9
1806,088280,68.58,1,109
1807,088280,31.42,2,121
1808,088290,100.0,1,84
1809,088340,78.4,1,113
1810,088340,21.6,2,107
1811,088350,100.0,1,3
1812,088390,44.45,1,89
1813,088390,36.48,2,4
1814,088390,19.07,3,122
1815,088790,100.0,1,90
1816,088800,100.0,1,123
1817,088910,100.0,1,74
1818,089010,69.23,1,121
1819,089010,30.77,2,21
1820,089030,100.0,1,110
1821,089140,100.0,1,60
1822,089150,100.0,1,113
1823,089230,57.13,1,114
1824,089230,42.87,2,96
1825,089470,100.0,1,26
1826,089590,100.0,1,97
1827,089600,100.0,1,93
1828,089790,100.0,1,110
1829,089850,53.59,1,86
1830,089850,29.52,2,120
1831,089850,16.89,3,121
1832,089860,100.0,1,103
1833,089890,100.0,1,110
1834,089970,100.0,1,110
1835,089980,52.79,1,121
1836,089980,47.21,2,30
1837,090080,100.0,1,84
1838,090150,100.0,1,84
1839,090350,100.0,1,30
1840,090360,100.0,1,119
1841,090370,40.12,1,71
1842,090370,39.47,2,132
1843,090370,20.41,3,90
1844,090410,100.0,1,50
1845,090430,100.0,1,92
1846,090460,100.0,1,121
1847,090470,43.23,1,122
1848,090470,32.32,2,110
1849,090470,24.45,3,111
1850,090710,64.01,1,119
1851,090710,35.99,2,122
1852,090850,100.0,1,71
1853,091090,100.0,1,48
1854,091120,74.15,1,121
1855,091120,25.85,2,120
1856,091340,64.84,1,121
1857,091340,35.16,2,84
1858,091440,100.0,1,123
1859,091580,100.0,1,122
1860,091590,64.4,1,45
1861,091590,35.6,2,46
1862,091700,100.0,1,121
1863,091810,100.0,1,97
1864,091970,100.0,1,30
1865,092040,71.14,1,127
1866,092040,28.86,2,128
1867,092070,100.0,1,110
1868,092130,100.0,1,6
1869,092190,100.0,1,111
1870,092200,100.0,1,84
1871,092220,100.0,1,109
1872,092230,100.0,1,25
1873,092300,100.0,1,121
1874,092440,100.0,1,35
1875,092460,100.0,1,52
1876,092600,61.52,1,85
1877,092600,38.48,2,109
1878,092730,100.0,1,92
1879,092780,100.0,1,84
1880,092790,100.0,1,33
1881,092870,100.0,1,110
1882,093050,100.0,1,90
1883,093190,100.0,1,120
1884,093230,60.21,1,13
1885,093230,39.79,2,111
1886,093240,83.56,1,90
1887,093240,16.44,2,89
1888,093320,100.0,1,114
1889,093370,100.0,1,30
1890,093380,100.0,1,84
1891,093520,100.0,1,110
1892,093640,100.0,1,109
1893,093920,100.0,1,121
1894,094170,100.0,1,109
1895,094280,80.38,1,69
1896,094280,19.62,2,113
1897,094360,100.0,1,110
1898,094480,100.0,1,6
1899,094820,100.0,1,48
1900,094840,100.0,1,67
1901,094850,100.0,1,98
1902,094860,100.0,1,116
1903,094940,56.56,1,6
1904,094940,43.44,2,57
1905,094970,59.11,1,121
1906,094970,21.56,2,79
1907,094970,19.33,3,120
1908,095190,65.68,1,44
1909,095190,34.32,2,60
1910,095270,58.4,1,44
1911,095270,41.6,2,123
1912,095340,100.0,1,110
1913,095500,47.08,1,111
1914,095500,30.33,2,122
1915,095500,22.6,3,121
1916,095570,64.77,1,103
1917,095570,35.23,2,57
1918,095610,100.0,1,110
1919,095660,100.0,1,116
1920,095700,100.0,1,127
1921,095720,77.78,1,102
1922,095720,22.22,2,107
1923,095910,100.0,1,17
1924,096040,52.9,1,117
1925,096040,26.47,2,113
1926,096040,20.63,3,114
1927,096240,100.0,1,102
1928,096250,46.84,1,114
1929,096250,34.24,2,115
1930,096250,18.92,3,113
1931,096350,76.68,1,52
1932,096350,23.32,2,24
1933,096530,100.0,1,127
1934,096610,100.0,1,109
1935,096630,100.0,1,118
1936,096690,37.85,1,120
1937,096690,34.96,2,107
1938,096690,27.19,3,110
1939,096760,100.0,1,126
1940,096770,43.37,1,25
1941,096770,29.43,2,13
1942,096770,27.2,3,122
1943,096870,64.43,1,111
1944,096870,35.57,2,125
1945,097230,48.59,1,51
1946,097230,34.11,2,45
1947,097230,17.3,3,46
1948,097520,69.72,1,121
1949,097520,30.28,2,84
1950,097780,80.01,1,84
1951,097780,19.99,2,80
1952,097800,100.0,1,110
1953,097870,100.0,1,28
1954,097950,50.3,1,53
1955,097950,49.7,2,75
1956,098070,100.0,1,62
1957,098120,81.45,1,110
1958,098120,18.55,2,65
1959,098460,100.0,1,120
1960,098660,100.0,1,90
1961,099190,100.0,1,130
1962,099220,64.6,1,21
1963,099220,35.4,2,52
1964,099320,100.0,1,44
1965,099390,100.0,1,113
1966,099410,84.33,1,52
1967,099410,15.67,2,62
1968,099430,100.0,1,130
1969,099440,100.0,1,60
1970,099520,85.0,1,67
1971,099520,15.0,2,120
1972,099750,100.0,1,113
1973,100030,100.0,1,6
1974,100090,58.61,1,44
1975,100090,41.39,2,21
1976,100120,81.0,1,130
1977,100120,19.0,2,120
1978,100130,73.45,1,17
1979,100130,26.55,2,45
1980,100220,100.0,1,102
1981,100250,55.29,1,26
1982,100250,44.71,2,84
1983,100590,100.0,1,123
1984,100660,84.77,1,60
1985,100660,15.23,2,62
1986,100700,100.0,1,130
1987,100790,100.0,1,4
1988,100840,83.04,1,14
1989,100840,16.96,2,63
1990,101000,100.0,1,52
1991,101140,100.0,1,120
1992,101160,100.0,1,110
1993,101170,100.0,1,62
1994,101240,42.42,1,84
1995,101240,30.13,2,92
1996,101240,27.45,3,30
1997,101330,83.2,1,84
1998,101330,16.8,2,121
1999,101360,69.3,1,122
2000,101360,30.7,2,30
2001,101390,100.0,1,121
2002,101400,75.38,1,109
2003,101400,24.62,2,99
2004,101490,100.0,1,110
2005,101530,100.0,1,76
2006,101670,60.33,1,46
2007,101670,39.67,2,122
2008,101680,100.0,1,60
2009,101730,100.0,1,116
2010,101930,100.0,1,52
2011,101970,100.0,1,48
2012,102120,100.0,1,109
2013,102260,100.0,1,30
2014,102280,82.82,1,90
2015,102280,17.18,2,105
2016,102370,51.97,1,107
2017,102370,48.03,2,104
2018,102460,100.0,1,126
2019,102710,100.0,1,30
2020,102940,100.0,1,30
2021,103140,69.24,1,34
2022,103140,30.76,2,44
2023,103230,100.0,1,52
2024,103590,82.3,1,65
2025,103590,17.7,2,64
2026,103840,100.0,1,75
2027,104040,100.0,1,84
2028,104200,100.0,1,114
2029,104460,76.43,1,62
2030,104460,23.57,2,47
2031,104480,100.0,1,26
2032,104540,100.0,1,130
2033,104620,100.0,1,98
2034,104700,100.0,1,33
2035,104830,60.18,1,30
2036,104830,39.82,2,29
2037,105330,64.85,1,30
2038,105330,35.15,2,84
2039,105550,72.37,1,84
2040,105550,27.63,2,121
2041,105560,100.0,1,1
2042,105630,100.0,1,90
2043,105740,100.0,1,62
2044,105760,100.0,1,120
2045,105840,100.0,1,62
2046,106080,100.0,1,121
2047,106190,100.0,1,126
2048,106240,100.0,1,120
2049,106520,100.0,1,121
2050,107590,100.0,1,30
2051,107600,59.51,1,30
2052,107600,40.49,2,122
2053,107640,66.05,1,122
2054,107640,33.95,2,84
2055,108230,100.0,1,62
2056,108320,100.0,1,109
2057,108380,65.28,1,52
2058,108380,34.72,2,120
2059,108490,100.0,1,119
2060,108670,70.96,1,50
2061,108670,29.04,2,84
2062,108860,83.23,1,115
2063,108860,16.77,2,113
2064,109070,100.0,1,56
2065,109080,100.0,1,121
2066,109610,100.0,1,50
2067,109670,100.0,1,90
2068,109740,100.0,1,122
2069,109820,100.0,1,127
2070,109860,100.0,1,59
2071,109960,53.41,1,47
2072,109960,46.59,2,126
2073,110020,75.28,1,79
2074,110020,24.72,2,128
2075,110790,100.0,1,90
2076,110990,62.24,1,62
2077,110990,37.76,2,60
2078,111110,100.0,1,90
2079,111380,100.0,1,90
2080,111710,100.0,1,101
2081,111770,82.78,1,90
2082,111770,17.22,2,89
2083,111870,100.0,1,120
2084,112040,100.0,1,116
2085,112290,64.89,1,110
2086,112290,35.11,2,30
2087,112610,100.0,1,21
2088,113810,100.0,1,84
2089,114090,100.0,1,100
2090,114190,79.97,1,122
2091,114190,20.03,2,48
2092,114450,100.0,1,30
2093,114630,100.0,1,26
2094,114810,100.0,1,110
2095,114840,100.0,1,92
2096,115160,63.31,1,123
2097,115160,36.69,2,84
2098,115180,100.0,1,126
2099,115310,70.43,1,125
2100,115310,29.57,2,113
2101,115440,100.0,1,123
2102,115450,100.0,1,53
2103,115480,100.0,1,130
2104,115500,100.0,1,113
2105,115530,61.24,1,121
2106,115530,38.76,2,113
2107,115570,100.0,1,93
2108,115610,100.0,1,109
2109,117580,100.0,1,22
2110,117670,100.0,1,109
2111,117730,76.56,1,119
2112,117730,23.44,2,112
2113,118000,79.44,1,126
2114,118000,20.56,2,130
2115,118990,52.13,1,121
2116,118990,28.9,2,84
2117,118990,18.97,3,59
2118,119500,36.34,1,84
2119,119500,35.48,2,62
2120,119500,28.18,3,44
2121,119610,72.2,1,131
2122,119610,27.8,2,92
2123,119650,100.0,1,24
2124,119830,78.51,1,110
2125,119830,21.49,2,122
2126,119850,64.74,1,20
2127,119850,35.26,2,21
2128,120030,100.0,1,62
2129,120110,50.08,1,84
2130,120110,26.97,2,90
2131,120110,22.95,3,25
2132,120240,100.0,1,30
2133,121440,100.0,1,89
2134,121600,61.77,1,122
2135,121600,38.23,2,30
2136,121800,100.0,1,95
2137,121850,100.0,1,112
2138,121890,100.0,1,57
2139,122310,100.0,1,130
2140,122350,100.0,1,84
2141,122450,41.66,1,101
2142,122450,29.98,2,110
2143,122450,28.36,3,95
2144,122640,100.0,1,110
2145,122690,100.0,1,84
2146,122870,100.0,1,96
2147,122900,78.86,1,107
2148,122900,21.14,2,131
2149,122990,100.0,1,121
2150,123010,64.82,1,121
2151,123010,19.08,2,119
2152,123010,16.11,3,110
2153,123040,100.0,1,84
2154,123330,100.0,1,92
2155,123410,100.0,1,84
2156,123420,100.0,1,116
2157,123570,100.0,1,93
2158,123690,100.0,1,92
2159,123700,100.0,1,84
2160,123750,100.0,1,89
2161,123840,62.46,1,129
2162,123840,37.54,2,62
2163,123860,83.41,1,112
2164,123860,16.59,2,109
2165,123890,100.0,1,8
2166,124500,100.0,1,113
2167,124560,100.0,1,56
2168,125210,42.1,1,62
2169,125210,31.27,2,122
2170,125210,26.63,3,30
2171,126340,100.0,1,121
2172,126560,77.5,1,92
2173,126560,22.5,2,113
2174,126600,100.0,1,26
2175,126640,65.11,1,84
2176,126640,34.89,2,35
2177,126700,100.0,1,120
2178,126720,64.1,1,20
2179,126720,35.9,2,19
2180,126730,100.0,1,121
2181,126880,79.87,1,47
2182,126880,20.13,2,21
2183,127120,100.0,1,127
2184,127710,100.0,1,93
2185,127980,100.0,1,121
2186,128540,100.0,1,84
2187,128660,100.0,1,34
2188,128820,56.98,1,13
2189,128820,43.02,2,19
2190,128940,100.0,1,126
2191,129260,100.0,1,56
2192,129890,62.54,1,120
2193,129890,37.46,2,102
2194,129920,59.15,1,60
2195,129920,40.85,2,62
2196,130500,100.0,1,26
2197,130580,100.0,1,6
2198,130660,100.0,1,19
2199,130740,39.26,1,84
2200,130740,34.54,2,26
2201,130740,26.2,3,62
2202,131030,100.0,1,126
2203,131090,56.09,1,125
2204,131090,43.91,2,67
2205,131100,100.0,1,96
2206,131180,100.0,1,66
2207,131220,100.0,1,71
2208,131290,100.0,1,110
2209,131370,62.37,1,113
2210,131370,37.63,2,115
2211,131400,100.0,1,121
2212,131760,47.15,1,112
2213,131760,29.48,2,121
2214,131760,23.37,3,122
2215,131970,100.0,1,110
2216,133750,100.0,1,102
2217,133820,100.0,1,33
2218,134060,100.0,1,102
2219,134380,100.0,1,30
2220,134580,100.0,1,114
2221,134790,100.0,1,87
2222,136410,100.0,1,30
2223,136480,80.71,1,74
2224,136480,19.29,2,75
2225,136490,100.0,1,74
2226,136540,100.0,1,113
2227,137080,57.48,1,112
2228,137080,26.01,2,120
2229,137080,16.52,3,62
2230,137310,100.0,1,130
2231,137400,78.2,1,122
2232,137400,21.8,2,120
2233,137940,100.0,1,92
2234,137950,100.0,1,17
2235,138040,100.0,1,3
2236,138070,100.0,1,35
2237,138080,100.0,1,123
2238,138360,100.0,1,62
2239,138490,100.0,1,26
2240,138610,100.0,1,127
2241,138930,100.0,1,1
2242,139050,51.34,1,49
2243,139050,48.66,2,93
2244,139130,100.0,1,1
2245,139480,79.88,1,105
2246,139480,20.12,2,76
2247,139670,100.0,1,115
2248,139990,100.0,1,33
2249,140070,100.0,1,110
2250,140410,100.0,1,126
2251,140430,100.0,1,67
2252,140520,100.0,1,33
2253,140670,54.84,1,119
2254,140670,45.16,2,63
2255,140860,100.0,1,62
2256,140910,76.38,1,8
2257,140910,23.62,2,9
2258,141000,100.0,1,112
2259,141080,100.0,1,127
2260,142210,67.86,1,110
2261,142210,32.14,2,111
2262,142280,72.25,1,130
2263,142280,27.75,2,131
2264,142760,82.58,1,127
2265,142760,17.42,2,129
2266,143160,100.0,1,67
2267,143210,100.0,1,84
2268,143240,100.0,1,70
2269,143540,100.0,1,112
2270,144510,100.0,1,127
2271,144960,57.18,1,110
2272,144960,42.82,2,44
2273,145020,100.0,1,127
2274,145170,100.0,1,90
2275,145210,100.0,1,83
2276,145270,100.0,1,9
2277,145720,100.0,1,130
2278,145990,58.88,1,75
2279,145990,41.12,2,25
2280,146060,100.0,1,84
2281,146320,100.0,1,110
2282,147760,100.0,1,110
2283,147830,79.31,1,35
2284,147830,20.69,2,26
2285,148150,100.0,1,112
2286,148250,100.0,1,123
2287,148780,100.0,1,114
2288,148930,100.0,1,122
2289,149950,100.0,1,112
2290,149980,100.0,1,130
2291,150840,100.0,1,130
2292,150900,80.45,1,113
2293,150900,19.55,2,115
2294,151860,50.31,1,33
2295,151860,49.69,2,82
2296,151910,100.0,1,121
2297,153460,100.0,1,125
2298,153490,75.4,1,111
2299,153490,24.6,2,129
2300,153710,100.0,1,128
2301,154030,100.0,1,74
2302,154040,100.0,1,121
2303,155650,100.0,1,112
2304,155660,34.98,1,33
2305,155660,32.98,2,26
2306,155660,32.04,3,35
2307,156100,100.0,1,130
2308,158430,100.0,1,6
2309,159010,100.0,1,121
2310,159580,53.84,1,92
2311,159580,46.16,2,41
2312,159910,100.0,1,92
2313,160190,79.65,1,61
2314,160190,20.35,2,62
2315,160550,100.0,1,96
2316,160980,100.0,1,110
2317,161000,54.53,1,25
2318,161000,27.04,2,30
2319,161000,18.43,3,17
2320,161390,100.0,1,83
2321,161580,71.17,1,122
2322,161580,28.83,2,112
2323,161890,62.41,1,92
2324,161890,37.59,2,126
2325,162300,100.0,1,35
2326,163280,100.0,1,62
2327,163560,100.0,1,39
2328,163730,100.0,1,6
2329,166090,100.0,1,121
2330,166480,100.0,1,127
2331,168330,100.0,1,129
2332,168360,100.0,1,120
2333,169330,55.62,1,114
2334,169330,44.38,2,71
2335,170030,100.0,1,84
2336,170790,68.38,1,123
2337,170790,31.62,2,67
2338,170900,100.0,1,126
2339,170920,100.0,1,112
2340,171010,100.0,1,30
2341,171090,100.0,1,112
2342,171120,100.0,1,30
2343,172670,100.0,1,110
2344,173130,50.17,1,125
2345,173130,49.83,2,113
2346,173940,100.0,1,96
2347,174880,100.0,1,121
2348,174900,100.0,1,127
2349,175140,51.99,1,123
2350,175140,48.01,2,120
2351,175250,51.8,1,92
2352,175250,48.2,2,126
2353,175330,100.0,1,1
2354,176750,100.0,1,127
2355,177350,100.0,1,112
2356,177830,36.56,1,121
2357,177830,29.82,2,111
2358,177830,17.22,3,86
2359,177830,16.41,4,130
2360,177900,100.0,1,109
2361,178320,76.6,1,63
2362,178320,23.4,2,110
2363,178780,53.6,1,111
2364,178780,46.4,2,107
2365,178920,100.0,1,26
2366,179290,82.19,1,131
2367,179290,17.81,2,130
2368,179530,73.66,1,128
2369,179530,26.34,2,127
2370,179900,100.0,1,121
2371,180400,100.0,1,127
2372,180640,100.0,1,54
2373,181710,81.01,1,114
2374,181710,18.99,2,116
2375,182360,100.0,1,96
2376,182400,58.2,1,130
2377,182400,41.8,2,127
2378,183190,100.0,1,50
2379,183300,67.68,1,110
2380,183300,32.32,2,30
2381,183490,55.84,1,127
2382,183490,44.16,2,126
2383,184230,100.0,1,113
2384,185490,100.0,1,126
2385,185750,100.0,1,126
2386,186230,38.62,1,34
2387,186230,32.62,2,74
2388,186230,28.77,3,47
2389,187220,57.16,1,71
2390,187220,42.84,2,127
2391,187270,100.0,1,121
2392,187420,61.13,1,127
2393,187420,38.87,2,30
2394,187660,100.0,1,132
2395,187790,100.0,1,24
2396,187870,100.0,1,62
2397,188260,100.0,1,130
2398,189300,100.0,1,123
2399,189330,71.3,1,120
2400,189330,28.7,2,113
2401,189690,100.0,1,115
2402,189860,100.0,1,64
2403,189980,100.0,1,77
2404,190510,100.0,1,121
2405,190650,100.0,1,2
2406,191410,45.39,1,30
2407,191410,33.07,2,102
2408,191410,21.54,3,121
2409,191420,100.0,1,127
2410,192080,100.0,1,116
2411,192250,100.0,1,113
2412,192390,100.0,1,50
2413,192400,100.0,1,86
2414,192410,100.0,1,123
2415,192440,80.82,1,90
2416,192440,19.18,2,107
2417,192650,100.0,1,121
2418,192820,100.0,1,92
2419,193250,100.0,1,121
2420,194370,100.0,1,90
2421,194480,100.0,1,116
2422,194700,100.0,1,129
2423,195500,100.0,1,75
2424,195870,100.0,1,110
2425,195940,100.0,1,126
2426,195990,100.0,1,60
2427,196170,100.0,1,127
2428,196300,100.0,1,127
2429,196450,100.0,1,121
2430,196490,100.0,1,122
2431,196700,79.27,1,84
2432,196700,20.73,2,37
2433,197140,61.69,1,115
2434,197140,20.14,2,113
2435,197140,18.17,3,95
2436,198080,64.89,1,121
2437,198080,35.11,2,84
2438,198440,51.78,1,50
2439,198440,48.22,2,101
2440,198940,100.0,1,84
2441,199430,100.0,1,62
2442,199480,100.0,1,6
2443,199550,100.0,1,130
2444,199730,100.0,1,132
2445,199800,100.0,1,127
2446,199820,58.02,1,65
2447,199820,41.98,2,121
2448,200130,57.6,1,129
2449,200130,42.4,2,92
2450,200230,70.09,1,127
2451,200230,29.91,2,123
2452,200350,100.0,1,96
2453,200470,100.0,1,110
2454,200670,100.0,1,127
2455,200710,77.3,1,110
2456,200710,22.7,2,109
2457,200780,100.0,1,126
2458,200880,100.0,1,84
2459,201490,100.0,1,116
2460,203400,100.0,1,127
2461,203450,100.0,1,67
2462,203650,100.0,1,103
2463,203690,100.0,1,79
2464,204020,100.0,1,90
2465,204210,55.3,1,99
2466,204210,44.7,2,9
2467,204270,100.0,1,121
2468,204320,100.0,1,84
2469,204610,83.3,1,116
2470,204610,16.7,2,107
2471,204620,100.0,1,114
2472,204630,100.0,1,96
2473,204840,100.0,1,126
2474,205100,100.0,1,113
2475,205470,50.96,1,96
2476,205470,49.04,2,130
2477,205500,100.0,1,116
2478,206400,100.0,1,47
2479,206560,100.0,1,96
2480,206640,100.0,1,130
2481,206650,100.0,1,127
2482,207760,70.11,1,114
2483,207760,29.89,2,116
2484,207940,100.0,1,127
2485,208140,100.0,1,75
2486,208340,100.0,1,127
2487,208350,60.23,1,113
2488,208350,39.77,2,115
2489,208370,64.75,1,130
2490,208370,35.25,2,120
2491,208640,100.0,1,116
2492,208710,100.0,1,121
2493,208860,51.58,1,125
2494,208860,30.16,2,84
2495,208860,18.26,3,114
2496,209640,66.74,1,120
2497,209640,33.26,2,62
2498,210120,100.0,1,95
2499,210540,100.0,1,62
2500,210980,100.0,1,8
2501,211050,100.0,1,3
2502,211270,58.79,1,123
2503,211270,41.21,2,43
2504,212560,100.0,1,84
2505,212710,82.43,1,110
2506,212710,17.57,2,17
2507,213420,100.0,1,112
2508,213500,100.0,1,38
2509,214150,100.0,1,130
2510,214180,45.53,1,6
2511,214180,35.26,2,113
2512,214180,19.21,3,129
2513,214260,51.68,1,92
2514,214260,48.32,2,130
2515,214270,100.0,1,93
2516,214320,100.0,1,93
2517,214330,100.0,1,84
2518,214370,100.0,1,127
2519,214390,100.0,1,126
2520,214420,100.0,1,92
2521,214430,100.0,1,44
2522,214450,57.64,1,130
2523,214450,23.15,2,92
2524,214450,19.22,3,126
2525,214610,100.0,1,130
2526,214680,100.0,1,130
2527,215000,100.0,1,101
2528,215090,100.0,1,44
2529,215100,65.67,1,119
2530,215100,34.33,2,102
2531,215200,100.0,1,102
2532,215360,100.0,1,84
2533,215380,40.79,1,127
2534,215380,33.36,2,130
2535,215380,25.85,3,132
2536,215480,63.66,1,91
2537,215480,36.34,2,90
2538,215600,100.0,1,127
2539,215790,100.0,1,123
2540,216050,100.0,1,93
2541,216080,100.0,1,127
2542,217190,100.0,1,110
2543,217270,100.0,1,116
2544,217330,100.0,1,127
2545,217480,100.0,1,92
2546,217500,64.77,1,110
2547,217500,35.23,2,119
2548,217620,100.0,1,99
2549,217730,57.73,1,127
2550,217730,42.27,2,92
2551,217820,100.0,1,122
2552,218150,66.35,1,74
2553,218150,33.65,2,75
2554,218410,77.09,1,121
2555,218410,22.91,2,109
2556,219130,100.0,1,121
2557,219420,100.0,1,115
2558,219550,100.0,1,92
2559,219750,100.0,1,127
2560,220100,100.0,1,127
2561,220180,100.0,1,115
2562,220260,64.0,1,122
2563,220260,36.0,2,30
2564,221800,66.71,1,132
2565,221800,33.29,2,130
2566,221840,100.0,1,43
2567,221980,100.0,1,30
2568,222040,100.0,1,129
2569,222080,100.0,1,122
2570,222110,100.0,1,127
2571,222160,100.0,1,120
2572,222420,100.0,1,40
2573,222800,100.0,1,110
2574,222810,100.0,1,33
2575,222980,75.84,1,76
2576,222980,24.16,2,126
2577,223250,100.0,1,132
2578,223310,100.0,1,92
2579,224060,61.12,1,110
2580,224060,38.88,2,121
2581,224110,58.9,1,62
2582,224110,41.1,2,57
2583,225190,100.0,1,120
2584,225220,100.0,1,127
2585,225430,67.99,1,79
2586,225430,32.01,2,92
2587,225530,100.0,1,50
2588,225570,100.0,1,116
2589,225590,100.0,1,90
2590,226320,100.0,1,92
2591,226330,100.0,1,127
2592,226340,100.0,1,92
2593,226360,78.98,1,46
2594,226360,21.02,2,47
2595,226400,100.0,1,130
2596,226440,100.0,1,112
2597,226590,100.0,1,109
2598,226950,100.0,1,127
2599,227100,100.0,1,122
2600,227610,100.0,1,92
2601,227840,67.54,1,74
2602,227840,32.46,2,75
2603,227950,71.69,1,62
2604,227950,28.31,2,110
2605,228340,100.0,1,50
2606,228670,100.0,1,130
2607,228760,100.0,1,127
2608,228850,100.0,1,130
2609,229000,100.0,1,127
2610,229640,63.93,1,19
2611,229640,36.07,2,35
2612,230240,100.0,1,123
2613,230360,63.2,1,90
2614,230360,19.81,2,92
2615,230360,16.99,3,93
2616,230980,100.0,1,44
2617,232140,100.0,1,110
2618,232680,100.0,1,119
2619,232830,100.0,1,113
2620,234080,53.11,1,131
2621,234080,46.89,2,130
2622,234100,57.62,1,26
2623,234100,42.38,2,84
2624,234300,61.07,1,113
2625,234300,38.93,2,57
2626,234340,100.0,1,6
2627,234690,81.37,1,126
2628,234690,18.63,2,129
2629,234920,100.0,1,86
2630,235980,100.0,1,127
2631,236200,100.0,1,67
2632,236810,100.0,1,93
2633,237690,100.0,1,127
2634,237750,100.0,1,19
2635,237820,100.0,1,93
2636,237880,100.0,1,92
2637,238090,84.33,1,121
2638,238090,15.67,2,30
2639,238120,100.0,1,127
2640,238200,100.0,1,129
2641,238490,100.0,1,112
2642,239340,63.12,1,5
2643,239340,36.88,2,114
2644,239610,100.0,1,129
2645,239890,100.0,1,112
2646,240550,100.0,1,130
2647,240600,100.0,1,62
2648,240810,100.0,1,110
2649,241520,100.0,1,4
2650,241560,100.0,1,59
2651,241590,100.0,1,91
2652,241690,76.2,1,84
2653,241690,23.8,2,122
2654,241710,100.0,1,92
2655,241770,100.0,1,110
2656,241790,51.07,1,110
2657,241790,48.93,2,30
2658,241820,100.0,1,130
2659,241840,100.0,1,95
2660,242040,50.07,1,113
2661,242040,49.93,2,120
2662,243070,78.92,1,126
2663,243070,21.08,2,130
2664,243840,100.0,1,122
2665,244460,100.0,1,127
2666,244920,100.0,1,3
2667,245620,54.43,1,129
2668,245620,45.57,2,127
2669,246250,83.46,1,126
2670,246250,16.54,2,127
2671,246690,100.0,1,4
2672,246710,69.09,1,127
2673,246710,30.91,2,130
2674,246720,100.0,1,130
2675,246960,84.25,1,53
2676,246960,15.75,2,130
2677,247540,100.0,1,122
2678,247660,100.0,1,30
2679,248070,100.0,1,121
2680,248170,100.0,1,75
2681,249420,100.0,1,126
2682,250000,62.3,1,75
2683,250000,37.7,2,81
2684,250060,61.08,1,113
2685,250060,38.92,2,62
2686,250930,64.78,1,30
2687,250930,35.22,2,121
2688,251120,100.0,1,127
2689,251270,100.0,1,116
2690,251370,78.21,1,30
2691,251370,21.79,2,121
2692,251630,52.2,1,122
2693,251630,47.8,2,119
2694,251970,100.0,1,39
2695,252500,100.0,1,92
2696,252990,76.77,1,30
2697,252990,23.23,2,121
2698,253450,100.0,1,95
2699,253590,100.0,1,110
2700,253840,100.0,1,130
2701,254120,100.0,1,120
2702,254490,100.0,1,121
2703,255220,100.0,1,50
2704,255440,100.0,1,112
2705,256150,100.0,1,23
2706,256630,72.56,1,121
2707,256630,27.44,2,112
2708,256840,58.26,1,92
2709,256840,41.74,2,130
2710,256940,100.0,1,24
2711,257370,100.0,1,122
2712,257720,100.0,1,106
2713,258610,53.67,1,118
2714,258610,23.31,2,47
2715,258610,23.01,3,43
2716,258790,100.0,1,113
2717,258830,100.0,1,130
2718,259630,100.0,1,122
2719,259960,100.0,1,116
2720,260660,100.0,1,126
2721,260930,100.0,1,92
2722,260970,100.0,1,129
2723,261200,100.0,1,130
2724,261780,100.0,1,127
2725,262260,100.0,1,122
2726,262840,100.0,1,113
2727,263020,65.46,1,26
2728,263020,34.54,2,90
2729,263050,100.0,1,127
2730,263600,100.0,1,121
2731,263690,100.0,1,130
2732,263700,40.39,1,93
2733,263700,39.12,2,114
2734,263700,20.49,3,113
2735,263720,100.0,1,94
2736,263750,100.0,1,116
2737,263770,100.0,1,33
2738,263800,67.21,1,120
2739,263800,32.79,2,113
2740,263810,100.0,1,121
2741,263860,100.0,1,113
2742,263920,68.93,1,131
2743,263920,31.07,2,92
2744,264450,100.0,1,123
2745,264660,49.88,1,30
2746,264660,27.93,2,110
2747,264660,22.19,3,109
2748,264850,70.49,1,86
2749,264850,29.51,2,67
2750,264900,100.0,1,76
2751,265520,100.0,1,120
2752,265560,100.0,1,121
2753,265740,100.0,1,92
2754,267250,59.0,1,13
2755,267250,41.0,2,51
2756,267260,100.0,1,64
2757,267270,100.0,1,59
2758,267290,100.0,1,22
2759,267320,100.0,1,122
2760,267790,100.0,1,90
2761,267850,100.0,1,113
2762,267980,100.0,1,75
2763,268280,100.0,1,30
2764,269620,73.4,1,120
2765,269620,26.6,2,61
2766,270520,100.0,1,17
2767,270660,100.0,1,119
2768,270870,100.0,1,129
2769,271560,50.44,1,75
2770,271560,49.56,2,76
2771,271830,78.71,1,120
2772,271830,21.29,2,62
2773,271940,83.21,1,62
2774,271940,16.79,2,21
2775,271980,100.0,1,126
2776,272110,100.0,1,110
2777,272210,75.22,1,44
2778,272210,24.78,2,113
2779,272290,100.0,1,112
2780,272450,100.0,1,97
2781,272550,100.0,1,41
2782,273060,100.0,1,93
2783,273640,100.0,1,121
2784,274090,100.0,1,43
2785,274400,100.0,1,44
2786,275630,75.82,1,125
2787,275630,24.18,2,113
2788,276040,78.13,1,102
2789,276040,21.87,2,116
2790,276730,100.0,1,77
2791,277070,100.0,1,4
2792,277410,100.0,1,129
2793,277810,100.0,1,119
2794,277880,100.0,1,62
2795,278280,63.49,1,122
2796,278280,36.51,2,112
2797,278470,100.0,1,92
2798,278650,79.39,1,127
2799,278650,20.61,2,128
2800,279600,100.0,1,115
2801,280360,100.0,1,76
2802,281740,72.09,1,110
2803,281740,27.91,2,17
2804,281820,80.15,1,110
2805,281820,19.85,2,111
2806,282330,100.0,1,105
2807,282720,55.73,1,48
2808,282720,24.67,2,21
2809,282720,19.59,3,49
2810,282880,100.0,1,122
2811,284620,100.0,1,127
2812,284740,100.0,1,103
2813,285130,70.23,1,30
2814,285130,29.77,2,127
2815,285490,100.0,1,121
2816,285800,100.0,1,39
2817,286750,100.0,1,30
2818,286940,100.0,1,113
2819,288330,100.0,1,127
2820,288620,100.0,1,21
2821,288980,75.94,1,115
2822,288980,24.06,2,123
2823,289010,100.0,1,102
2824,289080,100.0,1,4
2825,289220,100.0,1,96
2826,289930,100.0,1,109
2827,290090,56.15,1,113
2828,290090,25.73,2,21
2829,290090,18.12,3,60
2830,290120,100.0,1,84
2831,290270,71.43,1,113
2832,290270,28.57,2,67
2833,290380,100.0,1,28
2834,290520,100.0,1,112
2835,290550,100.0,1,121
2836,290560,75.83,1,113
2837,290560,24.17,2,115
2838,290650,100.0,1,130
2839,290660,67.25,1,130
2840,290660,32.75,2,132
2841,290670,100.0,1,62
2842,290690,100.0,1,120
2843,290720,61.79,1,129
2844,290720,22.11,2,106
2845,290720,16.09,3,75
2846,290740,100.0,1,121
2847,291230,100.0,1,93
2848,291650,80.92,1,132
2849,291650,19.08,2,127
2850,291810,80.4,1,57
2851,291810,19.6,2,67
2852,293480,100.0,1,126
2853,293490,100.0,1,116
2854,293580,100.0,1,4
2855,293780,50.04,1,129
2856,293780,49.96,2,127
2857,293940,100.0,1,9
2858,294090,100.0,1,130
2859,294140,83.92,1,30
2860,294140,16.08,2,121
2861,294570,52.85,1,114
2862,294570,47.15,2,6
2863,294630,100.0,1,62
2864,294870,100.0,1,45
2865,295310,39.43,1,30
2866,295310,37.14,2,43
2867,295310,23.44,3,110
2868,296640,56.87,1,113
2869,296640,43.13,2,115
2870,297090,100.0,1,62
2871,297570,100.0,1,120
2872,297890,63.14,1,112
2873,297890,36.86,2,110
2874,298000,100.0,1,25
2875,298020,59.4,1,72
2876,298020,40.6,2,26
2877,298040,63.93,1,64
2878,298040,36.07,2,45
2879,298050,100.0,1,83
2880,298060,100.0,1,92
2881,298380,100.0,1,127
2882,298540,100.0,1,90
2883,298690,100.0,1,97
2884,298830,65.54,1,115
2885,298830,34.46,2,113
2886,299030,100.0,1,122
2887,299170,84.78,1,126
2888,299170,15.22,2,131
2889,299660,100.0,1,106
2890,299900,100.0,1,96
2891,300080,100.0,1,114
2892,300120,100.0,1,113
2893,300720,100.0,1,50
2894,301300,64.5,1,115
2895,301300,35.5,2,114
2896,302430,72.93,1,122
2897,302430,27.07,2,120
2898,302440,100.0,1,127
2899,302550,100.0,1,130
2900,303030,100.0,1,109
2901,303360,100.0,1,130
2902,303530,100.0,1,67
2903,303810,82.05,1,130
2904,303810,17.95,2,126
2905,304100,100.0,1,113
2906,304360,100.0,1,130
2907,304840,64.86,1,130
2908,304840,35.14,2,127
2909,305090,74.94,1,130
2910,305090,25.06,2,127
2911,306040,100.0,1,90
2912,306200,100.0,1,33
2913,306620,100.0,1,62
2914,307180,100.0,1,121
2915,307280,83.15,1,131
2916,307280,16.85,2,92
2917,307750,100.0,1,126
2918,307870,100.0,1,113
2919,307930,100.0,1,4
2920,307950,78.34,1,113
2921,307950,21.66,2,115
2922,308080,100.0,1,127
2923,308100,100.0,1,90
2924,308170,100.0,1,84
2925,308430,100.0,1,127
2926,309930,81.52,1,87
2927,309930,18.48,2,106
2928,309960,100.0,1,4
2929,310200,100.0,1,95
2930,310210,100.0,1,127
2931,310870,100.0,1,84
2932,311320,72.9,1,110
2933,311320,27.1,2,86
2934,311390,100.0,1,129
2935,311690,100.0,1,127
2936,312610,100.0,1,122
2937,313760,100.0,1,63
2938,314130,71.28,1,127
2939,314130,28.72,2,92
2940,314140,57.97,1,129
2941,314140,42.03,2,126
2942,314930,100.0,1,130
2943,315640,100.0,1,60
2944,316140,100.0,1,1
2945,317120,100.0,1,109
2946,317240,100.0,1,92
2947,317330,53.54,1,110
2948,317330,46.46,2,30
2949,317400,82.05,1,45
2950,317400,17.95,2,68
2951,317530,100.0,1,96
2952,317690,100.0,1,130
2953,317770,52.73,1,120
2954,317770,47.27,2,125
2955,317830,54.68,1,119
2956,317830,45.32,2,113
2957,317850,100.0,1,59
2958,317870,77.87,1,23
2959,317870,22.13,2,30
2960,318000,100.0,1,30
2961,318010,100.0,1,129
2962,318020,100.0,1,120
2963,318160,100.0,1,92
2964,318410,66.44,1,26
2965,318410,33.56,2,92
2966,319400,75.09,1,62
2967,319400,24.91,2,57
2968,319660,100.0,1,110
2969,320000,100.0,1,120
2970,321260,100.0,1,112
2971,321370,83.52,1,123
2972,321370,16.48,2,44
2973,321550,100.0,1,127
2974,321820,50.27,1,114
2975,321820,49.73,2,96
2976,322000,100.0,1,21
2977,322180,77.25,1,113
2978,322180,22.75,2,119
2979,322310,100.0,1,110
2980,322510,100.0,1,130
2981,322780,100.0,1,95
2982,323230,100.0,1,90
2983,323280,100.0,1,62
2984,323350,100.0,1,62
2985,323410,100.0,1,1
2986,323990,100.0,1,126
2987,326030,100.0,1,127
2988,327260,73.73,1,44
2989,327260,26.27,2,123
2990,328130,100.0,1,115
2991,328380,74.34,1,114
2992,328380,25.66,2,113
2993,329180,77.35,1,51
2994,329180,22.65,2,52
2995,330350,100.0,1,126
2996,330590,100.0,1,9
2997,330730,100.0,1,4
2998,330860,100.0,1,110
2999,331380,100.0,1,67
3000,331520,100.0,1,116
3001,331920,100.0,1,127
3002,332290,67.89,1,28
3003,332290,16.65,2,74
3004,332290,15.46,3,101
3005,332370,100.0,1,120
3006,332570,100.0,1,123
3007,333050,100.0,1,113
3008,333430,72.5,1,52
3009,333430,27.5,2,62
3010,333620,75.74,1,122
3011,333620,24.26,2,60
3012,334890,100.0,1,9
3013,334970,100.0,1,127
3014,335810,100.0,1,130
3015,335870,100.0,1,91
3016,335890,100.0,1,130
3017,336060,100.0,1,113
3018,336260,100.0,1,21
3019,336370,79.13,1,122
3020,336370,20.87,2,112
3021,336570,100.0,1,130
3022,336680,100.0,1,111
3023,337930,100.0,1,90
3024,338100,100.0,1,9
3025,338220,100.0,1,130
3026,338840,100.0,1,127
3027,339770,100.0,1,99
3028,339950,83.64,1,102
3029,339950,16.36,2,70
3030,340360,100.0,1,123
3031,340440,100.0,1,39
3032,340570,100.0,1,130
3033,340810,54.15,1,113
3034,340810,45.85,2,125
3035,340930,100.0,1,122
3036,344820,52.27,1,40
3037,344820,47.73,2,107
3038,344860,53.77,1,93
3039,344860,46.23,2,92
3040,347000,79.97,1,120
3041,347000,20.03,2,62
3042,347700,82.76,1,129
3043,347700,17.24,2,132
3044,347740,100.0,1,92
3045,347770,100.0,1,112
3046,347850,100.0,1,127
3047,347860,100.0,1,113
3048,347890,100.0,1,120
3049,348030,100.0,1,116
3050,348080,100.0,1,127
3051,348150,100.0,1,127
3052,348210,100.0,1,110
3053,348340,100.0,1,119
3054,348350,63.61,1,71
3055,348350,36.39,2,30
3056,348370,100.0,1,122
3057,348950,100.0,1,9
3058,350520,100.0,1,9
3059,351320,100.0,1,112
3060,351330,73.2,1,61
3061,351330,26.8,2,121
3062,351870,100.0,1,93
3063,352090,100.0,1,23
3064,352480,100.0,1,92
3065,352700,100.0,1,62
3066,352770,100.0,1,127
3067,352820,100.0,1,96
3068,352910,100.0,1,115
3069,352940,100.0,1,28
3070,353190,100.0,1,129
3071,353200,100.0,1,121
3072,353590,74.26,1,84
3073,353590,25.74,2,106
3074,353810,100.0,1,28
3075,354200,50.22,1,130
3076,354200,49.78,2,127
3077,354320,80.2,1,35
3078,354320,19.8,2,84
3079,355150,100.0,1,110
3080,355390,80.92,1,114
3081,355390,19.08,2,113
3082,355690,100.0,1,121
3083,356680,80.23,1,125
3084,356680,19.77,2,67
3085,356860,100.0,1,121
3086,356890,59.77,1,67
3087,356890,40.23,2,113
3088,357120,100.0,1,9
3089,357230,100.0,1,129
3090,357250,100.0,1,9
3091,357430,100.0,1,9
3092,357550,100.0,1,30
3093,357580,100.0,1,121
3094,357780,100.0,1,110
3095,357880,100.0,1,113
3096,358570,100.0,1,127
3097,359090,100.0,1,132
3098,360070,100.0,1,62
3099,360350,100.0,1,120
3100,361390,65.76,1,43
3101,361390,34.24,2,123
3102,361570,100.0,1,96
3103,361610,100.0,1,122
3104,361670,100.0,1,121
3105,362320,100.0,1,106
3106,362990,100.0,1,93
3107,363250,80.93,1,130
3108,363250,19.07,2,127
3109,363260,100.0,1,93
3110,363280,60.79,1,101
3111,363280,39.21,2,95
3112,365270,100.0,1,127
3113,365330,62.66,1,50
3114,365330,37.34,2,46
3115,365340,100.0,1,122
3116,365550,100.0,1,9
3117,365590,100.0,1,121
3118,365900,100.0,1,89
3119,366030,100.0,1,90
3120,367000,100.0,1,113
3121,368600,100.0,1,121
3122,368770,65.52,1,121
3123,368770,34.48,2,120
3124,368970,100.0,1,75
3125,369370,100.0,1,96
3126,370090,67.77,1,62
3127,370090,32.23,2,121
3128,371950,100.0,1,112
3129,372170,100.0,1,122
3130,372320,100.0,1,127
3131,372800,54.38,1,6
3132,372800,45.62,2,113
3133,372910,55.79,1,67
3134,372910,44.21,2,44
3135,373110,100.0,1,127
3136,373160,100.0,1,102
3137,373170,100.0,1,113
3138,373200,100.0,1,121
3139,373220,100.0,1,122
3140,375500,58.86,1,45
3141,375500,24.83,2,48
3142,375500,16.31,3,46
3143,376180,100.0,1,23
3144,376270,100.0,1,127
3145,376290,68.85,1,111
3146,376290,31.15,2,121
3147,376300,100.0,1,114
3148,376930,100.0,1,130
3149,376980,100.0,1,70
3150,377030,100.0,1,113
3151,377190,100.0,1,9
3152,377220,100.0,1,129
3153,377300,100.0,1,6
3154,377330,76.25,1,63
3155,377330,23.75,2,123
3156,377450,100.0,1,6
3157,377460,47.6,1,69
3158,377460,35.12,2,105
3159,377460,17.28,3,57
3160,377480,100.0,1,113
3161,377740,100.0,1,128
3162,378340,100.0,1,62
3163,378800,100.0,1,127
3164,378850,100.0,1,84
3165,380540,100.0,1,123
3166,381620,100.0,1,62
3167,381970,100.0,1,85
3168,382150,100.0,1,127
3169,382480,100.0,1,122
3170,382800,100.0,1,62
3171,382840,100.0,1,62
3172,382900,100.0,1,21
3173,383220,100.0,1,90
3174,383310,42.92,1,23
3175,383310,29.6,2,30
3176,383310,27.48,3,21
3177,383800,51.34,1,53
3178,383800,48.66,2,72
3179,383930,100.0,1,132
3180,384470,100.0,1,130
3181,387570,100.0,1,130
3182,388050,66.25,1,64
3183,388050,33.75,2,21
3184,388720,100.0,1,119
3185,388790,100.0,1,123
3186,388870,100.0,1,127
3187,389020,56.59,1,109
3188,389020,43.41,2,123
3189,389030,100.0,1,127
3190,389140,100.0,1,96
3191,389260,100.0,1,21
3192,389470,100.0,1,127
3193,389500,100.0,1,119
3194,389650,100.0,1,130
3195,389680,78.31,1,115
3196,389680,21.69,2,113
3197,391710,53.14,1,119
3198,391710,27.32,2,113
3199,391710,19.55,3,61
3200,393210,100.0,1,113
3201,393890,100.0,1,122
3202,393970,100.0,1,122
3203,394280,100.0,1,110
3204,394800,100.0,1,127
3205,395400,100.0,1,9
3206,396270,100.0,1,109
3207,396300,75.73,1,84
3208,396300,24.27,2,88
3209,396470,51.66,1,110
3210,396470,48.34,2,120
3211,396690,100.0,1,9
3212,397030,100.0,1,127
3213,398120,100.0,1,130
3214,399720,100.0,1,110
3215,400760,100.0,1,9
3216,402030,52.88,1,113
3217,402030,31.26,2,114
3218,402030,15.86,3,115
3219,402340,100.0,1,109
3220,402490,100.0,1,110
3221,403490,100.0,1,74
3222,403550,100.0,1,103
3223,403870,100.0,1,110
3224,404990,100.0,1,9
3225,405000,100.0,1,130
3226,405100,100.0,1,110
3227,405920,100.0,1,77
3228,406820,100.0,1,92
3229,407400,64.46,1,88
3230,407400,35.54,2,87
3231,408900,100.0,1,96
3232,408920,100.0,1,71
3233,411080,100.0,1,113
3234,412350,100.0,1,110
3235,412540,100.0,1,122
3236,413390,100.0,1,122
3237,413630,68.34,1,121
3238,413630,31.66,2,62
3239,413640,71.33,1,115
3240,413640,28.67,2,6
3241,415380,100.0,1,87
3242,416180,71.33,1,122
3243,416180,28.67,2,121
3244,417010,82.64,1,30
3245,417010,17.36,2,62
3246,417180,100.0,1,94
3247,417200,77.34,1,34
3248,417200,22.66,2,122
3249,417310,100.0,1,9
3250,417500,100.0,1,110
3251,417790,100.0,1,120
3252,417840,61.51,1,110
3253,417840,23.13,2,17
3254,417840,15.36,3,111
3255,417860,100.0,1,115
3256,417970,50.58,1,49
3257,417970,49.42,2,62
3258,418250,100.0,1,113
3259,418420,100.0,1,111
3260,418470,100.0,1,94
3261,418550,100.0,1,48
3262,418620,76.7,1,113
3263,418620,23.3,2,115
3264,419050,74.21,1,121
3265,419050,25.79,2,84
3266,419080,82.16,1,120
3267,419080,17.84,2,121
3268,419120,100.0,1,115
3269,419530,100.0,1,96
3270,419540,100.0,1,130
3271,420570,100.0,1,92
3272,420770,100.0,1,110
3273,424760,100.0,1,67
3274,424960,56.25,1,120
3275,424960,43.75,2,62
3276,424980,100.0,1,110
3277,425040,61.62,1,30
3278,425040,38.38,2,122
3279,425420,100.0,1,110
3280,429270,100.0,1,109
3281,430690,100.0,1,67
3282,431190,74.3,1,116
3283,431190,25.7,2,115
3284,432320,100.0,1,9
3285,432430,54.56,1,96
3286,432430,45.44,2,94
3287,432470,61.57,1,62
3288,432470,38.43,2,122
3289,432720,100.0,1,110
3290,432980,100.0,1,126
3291,434480,77.79,1,125
3292,434480,22.21,2,113
3293,435380,100.0,1,4
3294,435570,100.0,1,75
3295,435870,100.0,1,4
3296,437730,53.86,1,84
3297,437730,46.14,2,121
3298,438700,55.09,1,113
3299,438700,44.91,2,115
3300,439090,100.0,1,92
3301,439580,44.17,1,126
3302,439580,38.87,2,132
3303,439580,16.96,3,80
3304,440110,54.95,1,110
3305,440110,45.05,2,109
3306,440290,100.0,1,4
3307,440320,67.98,1,70
3308,440320,32.02,2,111
3309,441270,100.0,1,121
3310,443060,100.0,1,52
3311,443250,100.0,1,93
3312,443670,100.0,1,113
3313,444530,100.0,1,113
3314,445090,100.0,1,110
3315,445180,100.0,1,30
3316,445680,100.0,1,130
3317,446070,100.0,1,37
3318,446540,55.5,1,122
3319,446540,44.5,2,110
3320,448280,100.0,1,17
3321,448710,100.0,1,44
3322,448730,100.0,1,9
3323,448900,100.0,1,84
3324,450080,100.0,1,122
3325,450140,80.19,1,82
3326,450140,19.81,2,85
3327,450330,100.0,1,130
3328,450520,100.0,1,115
3329,450950,100.0,1,130
3330,451220,37.95,1,121
3331,451220,31.03,2,109
3332,451220,31.03,2,110
3333,451250,100.0,1,92
3334,451760,74.44,1,43
3335,451760,25.56,2,123
3336,451800,100.0,1,9
3337,452160,78.59,1,110
3338,452160,21.41,2,62
3339,452190,52.39,1,62
3340,452190,29.08,2,122
3341,452190,18.53,3,110
3342,452200,100.0,1,122
3343,452260,100.0,1,105
3344,452280,100.0,1,62
3345,452300,100.0,1,4
3346,452400,100.0,1,122
3347,452430,100.0,1,112
3348,452450,100.0,1,115
3349,453340,100.0,1,81
3350,453450,100.0,1,19
3351,453860,100.0,1,30
3352,454910,100.0,1,119
3353,455900,74.31,1,130
3354,455900,25.69,2,119
3355,456010,71.86,1,109
3356,456010,28.14,2,110
3357,456040,100.0,1,25
3358,456070,100.0,1,127
3359,457190,100.0,1,30
3360,457370,100.0,1,112
3361,457550,100.0,1,63
3362,457600,100.0,1,120
3363,458650,100.0,1,122
3364,458870,100.0,1,130
3365,459100,100.0,1,121
3366,460470,100.0,1,130
3367,460850,100.0,1,33
3368,460860,100.0,1,33
3369,460870,100.0,1,41
3370,460930,60.83,1,52
3371,460930,39.17,2,51
3372,460940,100.0,1,119
3373,461030,100.0,1,127
3374,461300,100.0,1,102
3375,462350,100.0,1,43
3376,462510,100.0,1,130
3377,462520,100.0,1,40
3378,462860,100.0,1,6
3379,462870,100.0,1,116
3380,462980,100.0,1,3
3381,463480,100.0,1,121
3382,464080,54.91,1,120
3383,464080,25.82,2,119
3384,464080,19.27,3,67
3385,464280,100.0,1,126
3386,464500,75.11,1,121
3387,464500,24.89,2,109
3388,464580,100.0,1,96
3389,465480,100.0,1,113
3390,465770,100.0,1,56
3391,466100,100.0,1,119
3392,466410,100.0,1,113
3393,469750,100.0,1,122
3394,471820,100.0,1,129
3395,472850,100.0,1,90
3396,473980,100.0,1,96
3397,474170,100.0,1,43
3398,474610,100.0,1,44
3399,475150,100.0,1,21
3400,475400,100.0,1,119
3401,475460,69.28,1,107
3402,475460,30.72,2,106
3403,475560,100.0,1,99
3404,475580,60.49,1,102
3405,475580,39.51,2,119
3406,475660,100.0,1,112
3407,475830,100.0,1,127
3408,475960,100.0,1,130
3409,476060,100.0,1,127
3410,476080,100.0,1,96
3411,478560,76.91,1,90
3412,478560,23.09,2,62
3413,479960,64.96,1,65
3414,479960,35.04,2,121
3415,480370,100.0,1,122
3416,481070,51.01,1,90
3417,481070,48.99,2,91
3418,481850,100.0,1,9
3419,482630,100.0,1,30
3420,484810,59.21,1,119
3421,484810,40.79,2,62
3422,484870,100.0,1,44
3423,487570,100.0,1,39
3424,489500,100.0,1,30
3425,489790,83.38,1,67
3426,489790,16.62,2,62
3427,499790,100.0,1,99
3428,900070,100.0,1,42
3429,900100,85.0,1,90
3430,900100,15.0,2,17
3431,900110,100.0,1,91
3432,900120,100.0,1,129
3433,900140,100.0,1,82
3434,900250,100.0,1,30
3435,900260,100.0,1,84
3436,900270,100.0,1,89
3437,900290,71.87,1,112
3438,900290,28.13,2,121
3439,900300,66.97,1,92
3440,900300,33.03,2,91
3441,900310,100.0,1,30
3442,900340,100.0,1,75
3443,950110,76.71,1,6
3444,950110,23.29,2,113
3445,950130,100.0,1,130
3446,950140,100.0,1,92
3447,950160,100.0,1,107
3448,950170,100.0,1,107
3449,950190,100.0,1,116
3450,950200,100.0,1,127
3451,950210,100.0,1,127
3452,950220,100.0,1,127
